crash_date;traffic_control_device;weather_condition;lighting_condition;first_crash_type;trafficway_type;alignment;roadway_surface_cond;road_defect;crash_type;intersection_related_i;damage;prim_contributory_cause;num_units;most_severe_injury;injuries_total;injuries_fatal;injuries_incapacitating;injuries_non_incapacitating;injuries_reported_not_evident;injuries_no_indication;crash_hour;crash_day_of_week;crash_month
07/29/2023 01:00:00 PM;TRAFFIC SIGNAL;CLEAR;DAYLIGHT;TURNING;NOT DIVIDED;STRAIGHT AND LEVEL;UNKNOWN;UNKNOWN;NO INJURY / DRIVE AWAY;Y;$501 - $1,500;UNABLE TO DETERMINE;2;NO INDICATION OF INJURY;0.0;0.0;0.0;0.0;0.0;3.0;13;7;7
08/13/2023 12:11:00 AM;TRAFFIC SIGNAL;CLEAR;DARKNESS, LIGHTED ROAD;TURNING;FOUR WAY;STRAIGHT AND LEVEL;DRY;NO DEFECTS;NO INJURY / DRIVE AWAY;Y;OVER $1,500;IMPROPER TURNING/NO SIGNAL;2;NO INDICATION OF INJURY;0.0;0.0;0.0;0.0;0.0;2.0;0;1;8
12/09/2021 10:30:00 AM;TRAFFIC SIGNAL;CLEAR;DAYLIGHT;REAR END;T-INTERSECTION;STRAIGHT AND LEVEL;DRY;NO DEFECTS;NO INJURY / DRIVE AWAY;Y;$501 - $1,500;FOLLOWING TOO CLOSELY;3;NO INDICATION OF INJURY;0.0;0.0;0.0;0.0;0.0;3.0;10;5;12
08/09/2023 07:55:00 PM;TRAFFIC SIGNAL;CLEAR;DAYLIGHT;ANGLE;FOUR WAY;STRAIGHT AND LEVEL;DRY;NO DEFECTS;INJURY AND / OR TOW DUE TO CRASH;Y;OVER $1,500;UNABLE TO DETERMINE;2;NONINCAPACITATING INJURY;5.0;0.0;0.0;5.0;0.0;0.0;19;4;8
08/19/2023 02:55:00 PM;TRAFFIC SIGNAL;CLEAR;DAYLIGHT;REAR END;T-INTERSECTION;STRAIGHT AND LEVEL;UNKNOWN;UNKNOWN;NO INJURY / DRIVE AWAY;Y;$501 - $1,500;DRIVING SKILLS/KNOWLEDGE/EXPERIENCE;2;NO INDICATION OF INJURY;0.0;0.0;0.0;0.0;0.0;3.0;14;7;8
09/06/2023 12:59:00 AM;NO CONTROLS;RAIN;DARKNESS, LIGHTED ROAD;FIXED OBJECT;NOT DIVIDED;STRAIGHT AND LEVEL;WET;UNKNOWN;INJURY AND / OR TOW DUE TO CRASH;N;$501 - $1,500;UNABLE TO DETERMINE;1;NONINCAPACITATING INJURY;2.0;0.0;0.0;2.0;0.0;0.0;0;4;9
12/20/2022 11:45:00 AM;TRAFFIC SIGNAL;CLEAR;DAYLIGHT;REAR TO FRONT;FOUR WAY;STRAIGHT AND LEVEL;DRY;NO DEFECTS;NO INJURY / DRIVE AWAY;Y;$501 - $1,500;IMPROPER BACKING;2;NO INDICATION OF INJURY;0.0;0.0;0.0;0.0;0.0;2.0;11;3;12
09/20/2023 02:38:00 PM;NO CONTROLS;CLEAR;DAYLIGHT;ANGLE;DIVIDED - W/MEDIAN (NOT RAISED);CURVE, LEVEL;DRY;NO DEFECTS;INJURY AND / OR TOW DUE TO CRASH;Y;OVER $1,500;FAILING TO YIELD RIGHT-OF-WAY;2;NONINCAPACITATING INJURY;1.0;0.0;0.0;1.0;0.0;1.0;14;4;9
06/04/2018 06:42:00 PM;TRAFFIC SIGNAL;CLEAR;DAYLIGHT;REAR END;NOT DIVIDED;STRAIGHT AND LEVEL;DRY;NO DEFECTS;NO INJURY / DRIVE AWAY;Y;OVER $1,500;FOLLOWING TOO CLOSELY;2;NO INDICATION OF INJURY;0.0;0.0;0.0;0.0;0.0;3.0;18;2;6
09/07/2023 05:30:00 PM;STOP SIGN/FLASHER;CLEAR;DAYLIGHT;ANGLE;FOUR WAY;STRAIGHT AND LEVEL;DRY;NO DEFECTS;NO INJURY / DRIVE AWAY;Y;OVER $1,500;FAILING TO YIELD RIGHT-OF-WAY;2;NO INDICATION OF INJURY;0.0;0.0;0.0;0.0;0.0;4.0;17;5;9
09/07/2023 08:32:00 PM;TRAFFIC SIGNAL;CLEAR;DARKNESS, LIGHTED ROAD;FIXED OBJECT;NOT DIVIDED;STRAIGHT AND LEVEL;DRY;UNKNOWN;NO INJURY / DRIVE AWAY;Y;OVER $1,500;UNABLE TO DETERMINE;1;NO INDICATION OF INJURY;0.0;0.0;0.0;0.0;0.0;1.0;20;5;9
11/02/2016 04:49:00 PM;TRAFFIC SIGNAL;RAIN;DUSK;ANGLE;OTHER;STRAIGHT AND LEVEL;WET;NO DEFECTS;NO INJURY / DRIVE AWAY;Y;OVER $1,500;IMPROPER OVERTAKING/PASSING;2;NO INDICATION OF INJURY;0.0;0.0;0.0;0.0;0.0;2.0;16;4;11
07/02/2020 05:45:00 PM;UNKNOWN;CLEAR;DAYLIGHT;TURNING;UNKNOWN INTERSECTION TYPE;STRAIGHT AND LEVEL;DRY;NO DEFECTS;NO INJURY / DRIVE AWAY;Y;OVER $1,500;UNABLE TO DETERMINE;2;NO INDICATION OF INJURY;0.0;0.0;0.0;0.0;0.0;2.0;17;5;7
08/09/2023 07:00:00 AM;NO CONTROLS;CLEAR;DAYLIGHT;SIDESWIPE SAME DIRECTION;ONE-WAY;STRAIGHT AND LEVEL;DRY;NO DEFECTS;NO INJURY / DRIVE AWAY;Y;OVER $1,500;IMPROPER OVERTAKING/PASSING;2;NO INDICATION OF INJURY;0.0;0.0;0.0;0.0;0.0;2.0;7;4;8
02/09/2020 02:00:00 PM;TRAFFIC SIGNAL;SNOW;DAYLIGHT;REAR END;RAMP;STRAIGHT AND LEVEL;SNOW OR SLUSH;NO DEFECTS;NO INJURY / DRIVE AWAY;Y;OVER $1,500;FOLLOWING TOO CLOSELY;2;NO INDICATION OF INJURY;0.0;0.0;0.0;0.0;0.0;2.0;14;1;2
08/01/2023 11:45:00 PM;NO CONTROLS;CLEAR;DARKNESS, LIGHTED ROAD;SIDESWIPE OPPOSITE DIRECTION;NOT DIVIDED;STRAIGHT AND LEVEL;DRY;NO DEFECTS;INJURY AND / OR TOW DUE TO CRASH;N;OVER $1,500;IMPROPER TURNING/NO SIGNAL;4;INCAPACITATING INJURY;1.0;0.0;1.0;0.0;0.0;1.0;23;3;8
08/01/2023 03:29:00 PM;TRAFFIC SIGNAL;CLEAR;DAYLIGHT;PEDALCYCLIST;TRAFFIC ROUTE;STRAIGHT AND LEVEL;DRY;NO DEFECTS;INJURY AND / OR TOW DUE TO CRASH;N;$500 OR LESS;DRIVING ON WRONG SIDE/WRONG WAY;2;REPORTED, NOT EVIDENT;1.0;0.0;0.0;0.0;1.0;1.0;15;3;8
09/05/2023 07:05:00 PM;TRAFFIC SIGNAL;CLEAR;DUSK;ANGLE;FIVE POINT, OR MORE;STRAIGHT AND LEVEL;DRY;NO DEFECTS;INJURY AND / OR TOW DUE TO CRASH;Y;OVER $1,500;UNABLE TO DETERMINE;2;INCAPACITATING INJURY;3.0;0.0;1.0;2.0;0.0;2.0;19;3;9
09/09/2022 04:53:00 PM;TRAFFIC SIGNAL;CLEAR;DAYLIGHT;SIDESWIPE SAME DIRECTION;FOUR WAY;STRAIGHT AND LEVEL;DRY;NO DEFECTS;NO INJURY / DRIVE AWAY;Y;OVER $1,500;IMPROPER LANE USAGE;2;NO INDICATION OF INJURY;0.0;0.0;0.0;0.0;0.0;2.0;16;6;9
08/15/2023 06:50:00 PM;STOP SIGN/FLASHER;CLEAR;DAYLIGHT;TURNING;ONE-WAY;STRAIGHT AND LEVEL;UNKNOWN;UNKNOWN;NO INJURY / DRIVE AWAY;Y;$500 OR LESS;IMPROPER OVERTAKING/PASSING;2;NO INDICATION OF INJURY;0.0;0.0;0.0;0.0;0.0;2.0;18;3;8
08/22/2023 03:50:00 PM;NO CONTROLS;CLEAR;DAYLIGHT;REAR END;NOT DIVIDED;STRAIGHT AND LEVEL;DRY;NO DEFECTS;NO INJURY / DRIVE AWAY;Y;OVER $1,500;UNABLE TO DETERMINE;2;NO INDICATION OF INJURY;0.0;0.0;0.0;0.0;0.0;2.0;15;3;8
08/02/2023 08:53:00 PM;TRAFFIC SIGNAL;CLEAR;DARKNESS, LIGHTED ROAD;TURNING;FOUR WAY;STRAIGHT AND LEVEL;DRY;NO DEFECTS;NO INJURY / DRIVE AWAY;Y;OVER $1,500;FAILING TO YIELD RIGHT-OF-WAY;2;NO INDICATION OF INJURY;0.0;0.0;0.0;0.0;0.0;3.0;20;4;8
09/06/2023 02:50:00 PM;STOP SIGN/FLASHER;CLEAR;DAYLIGHT;TURNING;T-INTERSECTION;STRAIGHT AND LEVEL;DRY;NO DEFECTS;INJURY AND / OR TOW DUE TO CRASH;Y;OVER $1,500;UNABLE TO DETERMINE;2;REPORTED, NOT EVIDENT;1.0;0.0;0.0;0.0;1.0;1.0;14;4;9
07/01/2022 01:00:00 AM;TRAFFIC SIGNAL;CLEAR;DARKNESS;TURNING;ONE-WAY;STRAIGHT AND LEVEL;DRY;UNKNOWN;NO INJURY / DRIVE AWAY;Y;OVER $1,500;IMPROPER LANE USAGE;2;NO INDICATION OF INJURY;0.0;0.0;0.0;0.0;0.0;2.0;1;6;7
09/06/2023 02:30:00 PM;STOP SIGN/FLASHER;CLEAR;DAYLIGHT;REAR END;T-INTERSECTION;STRAIGHT AND LEVEL;DRY;NO DEFECTS;NO INJURY / DRIVE AWAY;Y;OVER $1,500;FAILING TO YIELD RIGHT-OF-WAY;2;NO INDICATION OF INJURY;0.0;0.0;0.0;0.0;0.0;2.0;14;4;9
08/17/2023 01:30:00 PM;STOP SIGN/FLASHER;CLEAR;DAYLIGHT;TURNING;FOUR WAY;STRAIGHT AND LEVEL;DRY;NO DEFECTS;NO INJURY / DRIVE AWAY;Y;OVER $1,500;FAILING TO YIELD RIGHT-OF-WAY;2;NO INDICATION OF INJURY;0.0;0.0;0.0;0.0;0.0;2.0;13;5;8
03/20/2022 03:08:00 PM;NO CONTROLS;CLEAR;DAYLIGHT;TURNING;FOUR WAY;STRAIGHT AND LEVEL;DRY;NO DEFECTS;NO INJURY / DRIVE AWAY;Y;$501 - $1,500;FAILING TO YIELD RIGHT-OF-WAY;2;NO INDICATION OF INJURY;0.0;0.0;0.0;0.0;0.0;3.0;15;1;3
09/25/2023 12:00:00 PM;STOP SIGN/FLASHER;CLOUDY/OVERCAST;UNKNOWN;TURNING;OTHER;STRAIGHT AND LEVEL;UNKNOWN;UNKNOWN;NO INJURY / DRIVE AWAY;Y;OVER $1,500;FAILING TO YIELD RIGHT-OF-WAY;2;NO INDICATION OF INJURY;0.0;0.0;0.0;0.0;0.0;2.0;12;2;9
09/25/2023 04:01:00 PM;STOP SIGN/FLASHER;CLEAR;DAYLIGHT;TURNING;T-INTERSECTION;STRAIGHT AND LEVEL;DRY;NO DEFECTS;INJURY AND / OR TOW DUE TO CRASH;Y;OVER $1,500;UNABLE TO DETERMINE;2;NO INDICATION OF INJURY;0.0;0.0;0.0;0.0;0.0;3.0;16;2;9
08/18/2023 03:00:00 PM;STOP SIGN/FLASHER;CLEAR;DAYLIGHT;ANGLE;DIVIDED - W/MEDIAN (NOT RAISED);STRAIGHT AND LEVEL;DRY;NO DEFECTS;NO INJURY / DRIVE AWAY;Y;OVER $1,500;UNABLE TO DETERMINE;2;NO INDICATION OF INJURY;0.0;0.0;0.0;0.0;0.0;3.0;15;6;8
09/06/2023 08:59:00 AM;TRAFFIC SIGNAL;CLEAR;DAYLIGHT;REAR END;DIVIDED - W/MEDIAN BARRIER;STRAIGHT AND LEVEL;DRY;NO DEFECTS;NO INJURY / DRIVE AWAY;Y;OVER $1,500;NOT APPLICABLE;2;NO INDICATION OF INJURY;0.0;0.0;0.0;0.0;0.0;2.0;8;4;9
08/16/2023 11:30:00 PM;TRAFFIC SIGNAL;CLEAR;DARKNESS, LIGHTED ROAD;REAR END;NOT DIVIDED;STRAIGHT AND LEVEL;DRY;UNKNOWN;INJURY AND / OR TOW DUE TO CRASH;Y;OVER $1,500;FAILING TO REDUCE SPEED TO AVOID CRASH;2;NO INDICATION OF INJURY;0.0;0.0;0.0;0.0;0.0;2.0;23;4;8
08/18/2023 05:30:00 PM;NO CONTROLS;CLEAR;DAYLIGHT;ANGLE;FOUR WAY;STRAIGHT AND LEVEL;DRY;NO DEFECTS;NO INJURY / DRIVE AWAY;Y;$501 - $1,500;UNABLE TO DETERMINE;2;NO INDICATION OF INJURY;0.0;0.0;0.0;0.0;0.0;2.0;17;6;8
08/24/2023 06:22:00 PM;STOP SIGN/FLASHER;CLEAR;DAYLIGHT;TURNING;FOUR WAY;STRAIGHT AND LEVEL;DRY;NO DEFECTS;INJURY AND / OR TOW DUE TO CRASH;Y;OVER $1,500;FAILING TO YIELD RIGHT-OF-WAY;2;NO INDICATION OF INJURY;0.0;0.0;0.0;0.0;0.0;2.0;18;5;8
08/24/2023 06:02:00 PM;TRAFFIC SIGNAL;CLEAR;DAYLIGHT;TURNING;FOUR WAY;STRAIGHT AND LEVEL;DRY;NO DEFECTS;INJURY AND / OR TOW DUE TO CRASH;Y;OVER $1,500;DISREGARDING TRAFFIC SIGNALS;2;INCAPACITATING INJURY;2.0;0.0;2.0;0.0;0.0;1.0;18;5;8
09/12/2023 06:34:00 AM;TRAFFIC SIGNAL;CLEAR;DAYLIGHT;TURNING;FOUR WAY;STRAIGHT AND LEVEL;DRY;NO DEFECTS;INJURY AND / OR TOW DUE TO CRASH;Y;OVER $1,500;DRIVING SKILLS/KNOWLEDGE/EXPERIENCE;2;NO INDICATION OF INJURY;0.0;0.0;0.0;0.0;0.0;4.0;6;3;9
09/27/2023 01:30:00 PM;NO CONTROLS;CLEAR;DAYLIGHT;TURNING;DIVIDED - W/MEDIAN (NOT RAISED);STRAIGHT AND LEVEL;DRY;UNKNOWN;NO INJURY / DRIVE AWAY;Y;OVER $1,500;UNABLE TO DETERMINE;2;NO INDICATION OF INJURY;0.0;0.0;0.0;0.0;0.0;2.0;13;4;9
08/06/2023 02:30:00 AM;TRAFFIC SIGNAL;RAIN;DARKNESS;REAR END;FOUR WAY;STRAIGHT AND LEVEL;WET;UNKNOWN;INJURY AND / OR TOW DUE TO CRASH;Y;$501 - $1,500;UNABLE TO DETERMINE;2;REPORTED, NOT EVIDENT;1.0;0.0;0.0;0.0;1.0;2.0;2;1;8
09/28/2023 12:30:00 PM;TRAFFIC SIGNAL;CLEAR;DAYLIGHT;TURNING;FOUR WAY;STRAIGHT AND LEVEL;WET;NO DEFECTS;NO INJURY / DRIVE AWAY;Y;OVER $1,500;FAILING TO YIELD RIGHT-OF-WAY;2;NO INDICATION OF INJURY;0.0;0.0;0.0;0.0;0.0;2.0;12;5;9
09/09/2023 11:09:00 AM;TRAFFIC SIGNAL;CLEAR;DAYLIGHT;PEDESTRIAN;FOUR WAY;STRAIGHT AND LEVEL;DRY;NO DEFECTS;NO INJURY / DRIVE AWAY;Y;$500 OR LESS;UNABLE TO DETERMINE;2;NO INDICATION OF INJURY;0.0;0.0;0.0;0.0;0.0;2.0;11;7;9
07/26/2023 07:43:00 AM;STOP SIGN/FLASHER;CLEAR;DAYLIGHT;TURNING;DIVIDED - W/MEDIAN (NOT RAISED);STRAIGHT AND LEVEL;DRY;NO DEFECTS;INJURY AND / OR TOW DUE TO CRASH;Y;OVER $1,500;IMPROPER TURNING/NO SIGNAL;2;NONINCAPACITATING INJURY;1.0;0.0;0.0;1.0;0.0;1.0;7;4;7
08/20/2023 10:00:00 PM;NO CONTROLS;CLEAR;DARKNESS;SIDESWIPE SAME DIRECTION;NOT DIVIDED;STRAIGHT AND LEVEL;DRY;NO DEFECTS;NO INJURY / DRIVE AWAY;Y;OVER $1,500;UNABLE TO DETERMINE;2;NO INDICATION OF INJURY;0.0;0.0;0.0;0.0;0.0;2.0;22;1;8
08/27/2023 03:07:00 PM;STOP SIGN/FLASHER;CLEAR;DAYLIGHT;TURNING;UNKNOWN INTERSECTION TYPE;STRAIGHT AND LEVEL;DRY;NO DEFECTS;INJURY AND / OR TOW DUE TO CRASH;Y;OVER $1,500;UNABLE TO DETERMINE;2;NO INDICATION OF INJURY;0.0;0.0;0.0;0.0;0.0;3.0;15;1;8
09/11/2023 07:40:00 AM;TRAFFIC SIGNAL;RAIN;DAYLIGHT;HEAD ON;NOT DIVIDED;STRAIGHT AND LEVEL;WET;UNKNOWN;INJURY AND / OR TOW DUE TO CRASH;Y;OVER $1,500;FAILING TO YIELD RIGHT-OF-WAY;2;NO INDICATION OF INJURY;0.0;0.0;0.0;0.0;0.0;3.0;7;2;9
08/21/2023 06:39:00 AM;OTHER;CLEAR;DAYLIGHT;TURNING;NOT DIVIDED;STRAIGHT AND LEVEL;DRY;NO DEFECTS;INJURY AND / OR TOW DUE TO CRASH;Y;OVER $1,500;FAILING TO YIELD RIGHT-OF-WAY;2;NONINCAPACITATING INJURY;1.0;0.0;0.0;1.0;0.0;2.0;6;2;8
08/28/2023 01:00:00 PM;NO CONTROLS;CLEAR;DAYLIGHT;SIDESWIPE SAME DIRECTION;DIVIDED - W/MEDIAN (NOT RAISED);STRAIGHT AND LEVEL;DRY;NO DEFECTS;NO INJURY / DRIVE AWAY;Y;OVER $1,500;UNABLE TO DETERMINE;2;NO INDICATION OF INJURY;0.0;0.0;0.0;0.0;0.0;2.0;13;2;8
08/28/2023 03:06:00 PM;TRAFFIC SIGNAL;CLEAR;DAYLIGHT;ANGLE;FOUR WAY;STRAIGHT AND LEVEL;DRY;UNKNOWN;INJURY AND / OR TOW DUE TO CRASH;Y;OVER $1,500;NOT APPLICABLE;2;NO INDICATION OF INJURY;0.0;0.0;0.0;0.0;0.0;3.0;15;2;8
09/15/2023 07:45:00 AM;UNKNOWN;CLEAR;DAYLIGHT;SIDESWIPE SAME DIRECTION;FOUR WAY;STRAIGHT AND LEVEL;DRY;UNKNOWN;NO INJURY / DRIVE AWAY;Y;$500 OR LESS;IMPROPER OVERTAKING/PASSING;2;NO INDICATION OF INJURY;0.0;0.0;0.0;0.0;0.0;2.0;7;6;9
09/15/2023 03:46:00 PM;TRAFFIC SIGNAL;CLEAR;DAYLIGHT;TURNING;FOUR WAY;STRAIGHT AND LEVEL;DRY;NO DEFECTS;INJURY AND / OR TOW DUE TO CRASH;Y;OVER $1,500;FAILING TO YIELD RIGHT-OF-WAY;2;NONINCAPACITATING INJURY;1.0;0.0;0.0;1.0;0.0;2.0;15;6;9
08/22/2023 12:50:00 PM;STOP SIGN/FLASHER;CLEAR;DAYLIGHT;TURNING;T-INTERSECTION;STRAIGHT AND LEVEL;DRY;NO DEFECTS;NO INJURY / DRIVE AWAY;Y;OVER $1,500;FAILING TO YIELD RIGHT-OF-WAY;2;NO INDICATION OF INJURY;0.0;0.0;0.0;0.0;0.0;3.0;12;3;8
08/08/2023 10:00:00 AM;NO CONTROLS;CLEAR;DAYLIGHT;SIDESWIPE SAME DIRECTION;UNKNOWN;STRAIGHT AND LEVEL;DRY;NO DEFECTS;NO INJURY / DRIVE AWAY;N;$500 OR LESS;IMPROPER LANE USAGE;2;NO INDICATION OF INJURY;0.0;0.0;0.0;0.0;0.0;3.0;10;3;8
09/29/2023 07:19:00 PM;TRAFFIC SIGNAL;CLEAR;DARKNESS, LIGHTED ROAD;ANGLE;FOUR WAY;STRAIGHT AND LEVEL;DRY;NO DEFECTS;NO INJURY / DRIVE AWAY;Y;OVER $1,500;DISREGARDING TRAFFIC SIGNALS;2;NO INDICATION OF INJURY;0.0;0.0;0.0;0.0;0.0;4.0;19;6;9
09/12/2023 05:40:00 PM;TRAFFIC SIGNAL;CLEAR;DAYLIGHT;TURNING;ONE-WAY;STRAIGHT AND LEVEL;UNKNOWN;OTHER;NO INJURY / DRIVE AWAY;Y;$501 - $1,500;FOLLOWING TOO CLOSELY;2;NO INDICATION OF INJURY;0.0;0.0;0.0;0.0;0.0;3.0;17;3;9
08/10/2023 07:30:00 AM;NO CONTROLS;CLEAR;DAYLIGHT;TURNING;NOT DIVIDED;STRAIGHT AND LEVEL;DRY;NO DEFECTS;INJURY AND / OR TOW DUE TO CRASH;Y;OVER $1,500;NOT APPLICABLE;2;NO INDICATION OF INJURY;0.0;0.0;0.0;0.0;0.0;5.0;7;5;8
09/24/2023 07:50:00 PM;TRAFFIC SIGNAL;CLEAR;DAYLIGHT;PARKED MOTOR VEHICLE;FOUR WAY;STRAIGHT AND LEVEL;DRY;NO DEFECTS;NO INJURY / DRIVE AWAY;Y;OVER $1,500;UNABLE TO DETERMINE;3;NO INDICATION OF INJURY;0.0;0.0;0.0;0.0;0.0;1.0;19;1;9
08/31/2023 06:35:00 PM;TRAFFIC SIGNAL;CLEAR;DUSK;TURNING;DIVIDED - W/MEDIAN (NOT RAISED);STRAIGHT AND LEVEL;UNKNOWN;UNKNOWN;NO INJURY / DRIVE AWAY;Y;OVER $1,500;UNABLE TO DETERMINE;2;NO INDICATION OF INJURY;0.0;0.0;0.0;0.0;0.0;2.0;18;5;8
08/23/2023 03:30:00 PM;TRAFFIC SIGNAL;UNKNOWN;DAYLIGHT;SIDESWIPE SAME DIRECTION;NOT DIVIDED;STRAIGHT AND LEVEL;UNKNOWN;NO DEFECTS;NO INJURY / DRIVE AWAY;Y;OVER $1,500;UNABLE TO DETERMINE;2;NO INDICATION OF INJURY;0.0;0.0;0.0;0.0;0.0;3.0;15;4;8
08/11/2023 09:20:00 AM;TRAFFIC SIGNAL;RAIN;DAYLIGHT;TURNING;NOT DIVIDED;STRAIGHT AND LEVEL;WET;NO DEFECTS;INJURY AND / OR TOW DUE TO CRASH;N;OVER $1,500;FAILING TO REDUCE SPEED TO AVOID CRASH;2;NO INDICATION OF INJURY;0.0;0.0;0.0;0.0;0.0;5.0;9;6;8
08/11/2023 09:50:00 AM;TRAFFIC SIGNAL;RAIN;DAYLIGHT;TURNING;FOUR WAY;STRAIGHT AND LEVEL;WET;NO DEFECTS;INJURY AND / OR TOW DUE TO CRASH;Y;OVER $1,500;IMPROPER TURNING/NO SIGNAL;3;NO INDICATION OF INJURY;0.0;0.0;0.0;0.0;0.0;3.0;9;6;8
09/15/2023 07:50:00 AM;TRAFFIC SIGNAL;CLEAR;DAYLIGHT;PEDESTRIAN;FOUR WAY;STRAIGHT AND LEVEL;DRY;NO DEFECTS;INJURY AND / OR TOW DUE TO CRASH;Y;OVER $1,500;FAILING TO YIELD RIGHT-OF-WAY;2;NONINCAPACITATING INJURY;1.0;0.0;0.0;1.0;0.0;1.0;7;6;9
09/15/2023 07:40:00 AM;TRAFFIC SIGNAL;CLEAR;DAWN;SIDESWIPE SAME DIRECTION;ONE-WAY;STRAIGHT AND LEVEL;DRY;UNKNOWN;NO INJURY / DRIVE AWAY;Y;OVER $1,500;DRIVING SKILLS/KNOWLEDGE/EXPERIENCE;2;NO INDICATION OF INJURY;0.0;0.0;0.0;0.0;0.0;2.0;7;6;9
09/19/2023 07:23:00 PM;PEDESTRIAN CROSSING SIGN;RAIN;DARKNESS, LIGHTED ROAD;PEDESTRIAN;ONE-WAY;STRAIGHT AND LEVEL;WET;NO DEFECTS;INJURY AND / OR TOW DUE TO CRASH;Y;OVER $1,500;FAILING TO YIELD RIGHT-OF-WAY;2;NONINCAPACITATING INJURY;1.0;0.0;0.0;1.0;0.0;1.0;19;3;9
09/16/2023 03:00:00 PM;NO CONTROLS;RAIN;DAYLIGHT;TURNING;DIVIDED - W/MEDIAN (NOT RAISED);STRAIGHT AND LEVEL;WET;NO DEFECTS;INJURY AND / OR TOW DUE TO CRASH;Y;OVER $1,500;UNABLE TO DETERMINE;2;REPORTED, NOT EVIDENT;1.0;0.0;0.0;0.0;1.0;1.0;15;7;9
10/04/2023 09:10:00 AM;TRAFFIC SIGNAL;CLEAR;DAYLIGHT;REAR END;FOUR WAY;STRAIGHT AND LEVEL;DRY;NO DEFECTS;NO INJURY / DRIVE AWAY;Y;$500 OR LESS;FOLLOWING TOO CLOSELY;2;NO INDICATION OF INJURY;0.0;0.0;0.0;0.0;0.0;2.0;9;4;10
09/11/2023 06:30:00 PM;TRAFFIC SIGNAL;RAIN;DARKNESS, LIGHTED ROAD;REAR END;DIVIDED - W/MEDIAN (NOT RAISED);STRAIGHT AND LEVEL;WET;NO DEFECTS;NO INJURY / DRIVE AWAY;Y;OVER $1,500;UNABLE TO DETERMINE;2;NO INDICATION OF INJURY;0.0;0.0;0.0;0.0;0.0;3.0;18;2;9
09/20/2023 05:05:00 PM;TRAFFIC SIGNAL;CLEAR;DAYLIGHT;ANGLE;DIVIDED - W/MEDIAN (NOT RAISED);STRAIGHT AND LEVEL;DRY;NO DEFECTS;NO INJURY / DRIVE AWAY;Y;OVER $1,500;UNABLE TO DETERMINE;2;NO INDICATION OF INJURY;0.0;0.0;0.0;0.0;0.0;2.0;17;4;9
08/13/2023 02:28:00 AM;TRAFFIC SIGNAL;CLEAR;DARKNESS, LIGHTED ROAD;ANGLE;FOUR WAY;STRAIGHT AND LEVEL;DRY;NO DEFECTS;INJURY AND / OR TOW DUE TO CRASH;Y;OVER $1,500;DISREGARDING TRAFFIC SIGNALS;2;NO INDICATION OF INJURY;0.0;0.0;0.0;0.0;0.0;3.0;2;1;8
08/14/2023 04:55:00 PM;NO CONTROLS;RAIN;DAYLIGHT;PEDALCYCLIST;T-INTERSECTION;STRAIGHT AND LEVEL;WET;UNKNOWN;INJURY AND / OR TOW DUE TO CRASH;Y;OVER $1,500;FAILING TO REDUCE SPEED TO AVOID CRASH;2;NONINCAPACITATING INJURY;1.0;0.0;0.0;1.0;0.0;1.0;16;2;8
08/14/2023 09:04:00 PM;TRAFFIC SIGNAL;RAIN;DARKNESS;ANGLE;NOT DIVIDED;STRAIGHT AND LEVEL;WET;UNKNOWN;INJURY AND / OR TOW DUE TO CRASH;Y;OVER $1,500;DISREGARDING TRAFFIC SIGNALS;3;NO INDICATION OF INJURY;0.0;0.0;0.0;0.0;0.0;3.0;21;2;8
09/18/2023 08:09:00 AM;STOP SIGN/FLASHER;CLEAR;DAYLIGHT;TURNING;DIVIDED - W/MEDIAN (NOT RAISED);STRAIGHT AND LEVEL;DRY;NO DEFECTS;INJURY AND / OR TOW DUE TO CRASH;Y;OVER $1,500;UNABLE TO DETERMINE;2;REPORTED, NOT EVIDENT;1.0;0.0;0.0;0.0;1.0;6.0;8;2;9
09/18/2023 09:00:00 AM;OTHER WARNING SIGN;CLEAR;DAYLIGHT;SIDESWIPE SAME DIRECTION;NOT DIVIDED;STRAIGHT AND LEVEL;DRY;UNKNOWN;NO INJURY / DRIVE AWAY;N;OVER $1,500;IMPROPER LANE USAGE;2;NO INDICATION OF INJURY;0.0;0.0;0.0;0.0;0.0;2.0;9;2;9
09/21/2023 03:15:00 PM;NO CONTROLS;RAIN;DAYLIGHT;SIDESWIPE SAME DIRECTION;NOT DIVIDED;STRAIGHT AND LEVEL;WET;NO DEFECTS;NO INJURY / DRIVE AWAY;Y;OVER $1,500;UNABLE TO DETERMINE;2;NO INDICATION OF INJURY;0.0;0.0;0.0;0.0;0.0;5.0;15;5;9
08/30/2023 08:47:00 PM;TRAFFIC SIGNAL;CLEAR;DARKNESS, LIGHTED ROAD;PEDESTRIAN;DIVIDED - W/MEDIAN BARRIER;STRAIGHT AND LEVEL;DRY;NO DEFECTS;INJURY AND / OR TOW DUE TO CRASH;Y;OVER $1,500;FAILING TO YIELD RIGHT-OF-WAY;2;INCAPACITATING INJURY;1.0;0.0;1.0;0.0;0.0;6.0;20;4;8
09/22/2023 10:46:00 PM;TRAFFIC SIGNAL;CLEAR;DARKNESS, LIGHTED ROAD;TURNING;DIVIDED - W/MEDIAN (NOT RAISED);STRAIGHT AND LEVEL;DRY;NO DEFECTS;INJURY AND / OR TOW DUE TO CRASH;Y;OVER $1,500;FAILING TO YIELD RIGHT-OF-WAY;2;INCAPACITATING INJURY;5.0;0.0;5.0;0.0;0.0;0.0;22;6;9
08/16/2023 09:15:00 AM;NO CONTROLS;CLEAR;DAYLIGHT;TURNING;T-INTERSECTION;STRAIGHT AND LEVEL;DRY;NO DEFECTS;INJURY AND / OR TOW DUE TO CRASH;Y;OVER $1,500;IMPROPER TURNING/NO SIGNAL;2;NO INDICATION OF INJURY;0.0;0.0;0.0;0.0;0.0;2.0;9;4;8
08/31/2023 06:40:00 AM;STOP SIGN/FLASHER;CLEAR;DAYLIGHT;ANGLE;FOUR WAY;STRAIGHT AND LEVEL;DRY;NO DEFECTS;INJURY AND / OR TOW DUE TO CRASH;Y;OVER $1,500;FAILING TO YIELD RIGHT-OF-WAY;2;REPORTED, NOT EVIDENT;1.0;0.0;0.0;0.0;1.0;1.0;6;5;8
08/31/2023 07:10:00 AM;TRAFFIC SIGNAL;CLEAR;DAYLIGHT;TURNING;NOT DIVIDED;STRAIGHT AND LEVEL;DRY;NO DEFECTS;NO INJURY / DRIVE AWAY;Y;OVER $1,500;UNABLE TO DETERMINE;2;NO INDICATION OF INJURY;0.0;0.0;0.0;0.0;0.0;2.0;7;5;8
08/31/2023 03:30:00 PM;NO CONTROLS;CLEAR;DAYLIGHT;TURNING;ALLEY;STRAIGHT AND LEVEL;DRY;NO DEFECTS;NO INJURY / DRIVE AWAY;Y;OVER $1,500;IMPROPER LANE USAGE;2;NO INDICATION OF INJURY;0.0;0.0;0.0;0.0;0.0;3.0;15;5;8
10/07/2023 12:41:00 PM;STOP SIGN/FLASHER;CLEAR;DAYLIGHT;ANGLE;FOUR WAY;STRAIGHT AND LEVEL;DRY;NO DEFECTS;NO INJURY / DRIVE AWAY;Y;$501 - $1,500;FAILING TO YIELD RIGHT-OF-WAY;2;NO INDICATION OF INJURY;0.0;0.0;0.0;0.0;0.0;2.0;12;7;10
09/23/2023 03:00:00 PM;STOP SIGN/FLASHER;CLEAR;DAYLIGHT;PEDALCYCLIST;FOUR WAY;STRAIGHT AND LEVEL;UNKNOWN;UNKNOWN;NO INJURY / DRIVE AWAY;Y;OVER $1,500;FAILING TO YIELD RIGHT-OF-WAY;2;NO INDICATION OF INJURY;0.0;0.0;0.0;0.0;0.0;2.0;15;7;9
09/20/2018 09:15:00 AM;STOP SIGN/FLASHER;CLEAR;DAYLIGHT;TURNING;NOT DIVIDED;STRAIGHT AND LEVEL;DRY;NO DEFECTS;NO INJURY / DRIVE AWAY;Y;OVER $1,500;UNABLE TO DETERMINE;2;NO INDICATION OF INJURY;0.0;0.0;0.0;0.0;0.0;2.0;9;5;9
10/08/2023 02:15:00 AM;TRAFFIC SIGNAL;CLEAR;DARKNESS, LIGHTED ROAD;TURNING;FOUR WAY;STRAIGHT AND LEVEL;DRY;UNKNOWN;INJURY AND / OR TOW DUE TO CRASH;Y;OVER $1,500;DISREGARDING TRAFFIC SIGNALS;2;NONINCAPACITATING INJURY;5.0;0.0;0.0;5.0;0.0;0.0;2;1;10
09/25/2023 05:46:00 AM;STOP SIGN/FLASHER;CLEAR;DARKNESS, LIGHTED ROAD;ANGLE;DIVIDED - W/MEDIAN (NOT RAISED);STRAIGHT AND LEVEL;DRY;NO DEFECTS;NO INJURY / DRIVE AWAY;Y;$500 OR LESS;FAILING TO YIELD RIGHT-OF-WAY;2;NO INDICATION OF INJURY;0.0;0.0;0.0;0.0;0.0;2.0;5;2;9
09/27/2023 05:48:00 AM;TRAFFIC SIGNAL;RAIN;DARKNESS, LIGHTED ROAD;PEDESTRIAN;UNKNOWN INTERSECTION TYPE;STRAIGHT AND LEVEL;WET;UNKNOWN;INJURY AND / OR TOW DUE TO CRASH;Y;OVER $1,500;IMPROPER TURNING/NO SIGNAL;2;NONINCAPACITATING INJURY;1.0;0.0;0.0;1.0;0.0;1.0;5;4;9
10/11/2023 08:35:00 PM;TRAFFIC SIGNAL;RAIN;DARKNESS, LIGHTED ROAD;REAR END;NOT DIVIDED;STRAIGHT AND LEVEL;WET;NO DEFECTS;NO INJURY / DRIVE AWAY;Y;OVER $1,500;WEATHER;2;NO INDICATION OF INJURY;0.0;0.0;0.0;0.0;0.0;2.0;20;4;10
09/27/2023 09:50:00 AM;NO CONTROLS;CLEAR;DAYLIGHT;REAR END;NOT DIVIDED;STRAIGHT AND LEVEL;DRY;NO DEFECTS;INJURY AND / OR TOW DUE TO CRASH;Y;OVER $1,500;UNABLE TO DETERMINE;2;NONINCAPACITATING INJURY;1.0;0.0;0.0;1.0;0.0;1.0;9;4;9
09/30/2023 09:23:00 AM;NO CONTROLS;CLEAR;DAYLIGHT;TURNING;DIVIDED - W/MEDIAN (NOT RAISED);STRAIGHT AND LEVEL;UNKNOWN;UNKNOWN;NO INJURY / DRIVE AWAY;Y;OVER $1,500;UNABLE TO DETERMINE;2;NO INDICATION OF INJURY;0.0;0.0;0.0;0.0;0.0;2.0;9;7;9
10/12/2023 08:07:00 PM;TRAFFIC SIGNAL;CLEAR;DARKNESS, LIGHTED ROAD;SIDESWIPE SAME DIRECTION;FOUR WAY;STRAIGHT AND LEVEL;DRY;NO DEFECTS;NO INJURY / DRIVE AWAY;Y;OVER $1,500;FAILING TO YIELD RIGHT-OF-WAY;2;NO INDICATION OF INJURY;0.0;0.0;0.0;0.0;0.0;3.0;20;5;10
10/14/2023 05:15:00 PM;TRAFFIC SIGNAL;CLOUDY/OVERCAST;DUSK;TURNING;FOUR WAY;STRAIGHT AND LEVEL;WET;UNKNOWN;INJURY AND / OR TOW DUE TO CRASH;Y;OVER $1,500;IMPROPER TURNING/NO SIGNAL;2;NO INDICATION OF INJURY;0.0;0.0;0.0;0.0;0.0;3.0;17;7;10
10/14/2023 09:34:00 AM;TRAFFIC SIGNAL;RAIN;DAYLIGHT;REAR END;DIVIDED - W/MEDIAN (NOT RAISED);STRAIGHT AND LEVEL;WET;NO DEFECTS;NO INJURY / DRIVE AWAY;Y;OVER $1,500;FOLLOWING TOO CLOSELY;2;NO INDICATION OF INJURY;0.0;0.0;0.0;0.0;0.0;2.0;9;7;10
08/18/2019 07:27:00 PM;TRAFFIC SIGNAL;CLEAR;DUSK;REAR END;FOUR WAY;STRAIGHT AND LEVEL;DRY;NO DEFECTS;INJURY AND / OR TOW DUE TO CRASH;Y;OVER $1,500;FAILING TO REDUCE SPEED TO AVOID CRASH;2;REPORTED, NOT EVIDENT;1.0;0.0;0.0;0.0;1.0;2.0;19;1;8
10/31/2021 02:50:00 AM;TRAFFIC SIGNAL;CLEAR;DARKNESS, LIGHTED ROAD;TURNING;FOUR WAY;STRAIGHT AND LEVEL;DRY;NO DEFECTS;INJURY AND / OR TOW DUE TO CRASH;Y;OVER $1,500;FAILING TO YIELD RIGHT-OF-WAY;3;NO INDICATION OF INJURY;0.0;0.0;0.0;0.0;0.0;5.0;2;1;10
09/24/2022 10:35:00 PM;NO CONTROLS;RAIN;DARKNESS, LIGHTED ROAD;TURNING;NOT DIVIDED;STRAIGHT AND LEVEL;WET;UNKNOWN;INJURY AND / OR TOW DUE TO CRASH;Y;OVER $1,500;FOLLOWING TOO CLOSELY;3;NONINCAPACITATING INJURY;2.0;0.0;0.0;2.0;0.0;2.0;22;7;9
04/11/2020 09:00:00 PM;TRAFFIC SIGNAL;RAIN;DARKNESS, LIGHTED ROAD;ANGLE;FOUR WAY;STRAIGHT AND LEVEL;WET;NO DEFECTS;INJURY AND / OR TOW DUE TO CRASH;Y;OVER $1,500;DISREGARDING TRAFFIC SIGNALS;2;NO INDICATION OF INJURY;0.0;0.0;0.0;0.0;0.0;2.0;21;7;4
06/11/2019 08:40:00 AM;TRAFFIC SIGNAL;CLEAR;DAYLIGHT;REAR END;DIVIDED - W/MEDIAN BARRIER;STRAIGHT AND LEVEL;DRY;NO DEFECTS;NO INJURY / DRIVE AWAY;Y;$501 - $1,500;UNABLE TO DETERMINE;2;NO INDICATION OF INJURY;0.0;0.0;0.0;0.0;0.0;3.0;8;3;6
11/08/2022 08:30:00 AM;TRAFFIC SIGNAL;CLEAR;DAYLIGHT;TURNING;FOUR WAY;STRAIGHT AND LEVEL;DRY;NO DEFECTS;INJURY AND / OR TOW DUE TO CRASH;Y;OVER $1,500;FAILING TO YIELD RIGHT-OF-WAY;2;NONINCAPACITATING INJURY;3.0;0.0;0.0;3.0;0.0;1.0;8;3;11
12/06/2016 01:15:00 PM;TRAFFIC SIGNAL;CLEAR;DAYLIGHT;REAR END;DIVIDED - W/MEDIAN BARRIER;STRAIGHT AND LEVEL;DRY;NO DEFECTS;NO INJURY / DRIVE AWAY;Y;OVER $1,500;NOT APPLICABLE;2;NO INDICATION OF INJURY;0.0;0.0;0.0;0.0;0.0;4.0;13;3;12
03/02/2020 04:35:00 AM;STOP SIGN/FLASHER;CLEAR;DARKNESS, LIGHTED ROAD;TURNING;T-INTERSECTION;STRAIGHT AND LEVEL;DRY;NO DEFECTS;INJURY AND / OR TOW DUE TO CRASH;Y;OVER $1,500;DISREGARDING STOP SIGN;2;NONINCAPACITATING INJURY;1.0;0.0;0.0;1.0;0.0;2.0;4;2;3
06/30/2023 09:30:00 AM;NO CONTROLS;CLEAR;DAYLIGHT;TURNING;T-INTERSECTION;STRAIGHT AND LEVEL;DRY;NO DEFECTS;INJURY AND / OR TOW DUE TO CRASH;Y;OVER $1,500;FAILING TO REDUCE SPEED TO AVOID CRASH;3;NONINCAPACITATING INJURY;1.0;0.0;0.0;1.0;0.0;3.0;9;6;6
08/12/2020 01:15:00 PM;STOP SIGN/FLASHER;CLEAR;DAYLIGHT;ANGLE;FOUR WAY;STRAIGHT AND LEVEL;DRY;NO DEFECTS;NO INJURY / DRIVE AWAY;Y;OVER $1,500;DISREGARDING STOP SIGN;2;NO INDICATION OF INJURY;0.0;0.0;0.0;0.0;0.0;2.0;13;4;8
01/23/2022 07:40:00 AM;TRAFFIC SIGNAL;SNOW;DAYLIGHT;SIDESWIPE SAME DIRECTION;DIVIDED - W/MEDIAN BARRIER;STRAIGHT AND LEVEL;ICE;NO DEFECTS;INJURY AND / OR TOW DUE TO CRASH;Y;OVER $1,500;WEATHER;2;NO INDICATION OF INJURY;0.0;0.0;0.0;0.0;0.0;2.0;7;1;1
10/09/2018 04:00:00 AM;TRAFFIC SIGNAL;CLEAR;DARKNESS, LIGHTED ROAD;ANGLE;DIVIDED - W/MEDIAN BARRIER;STRAIGHT AND LEVEL;DRY;UNKNOWN;INJURY AND / OR TOW DUE TO CRASH;Y;OVER $1,500;UNABLE TO DETERMINE;2;NONINCAPACITATING INJURY;3.0;0.0;0.0;3.0;0.0;1.0;4;3;10
08/08/2022 03:54:00 PM;STOP SIGN/FLASHER;RAIN;DAYLIGHT;ANGLE;NOT DIVIDED;STRAIGHT AND LEVEL;WET;NO DEFECTS;INJURY AND / OR TOW DUE TO CRASH;Y;OVER $1,500;FAILING TO YIELD RIGHT-OF-WAY;2;NONINCAPACITATING INJURY;1.0;0.0;0.0;1.0;0.0;1.0;15;2;8
03/27/2021 09:15:00 AM;TRAFFIC SIGNAL;CLEAR;DAYLIGHT;TURNING;ONE-WAY;STRAIGHT AND LEVEL;DRY;NO DEFECTS;NO INJURY / DRIVE AWAY;Y;$501 - $1,500;IMPROPER LANE USAGE;2;NO INDICATION OF INJURY;0.0;0.0;0.0;0.0;0.0;2.0;9;7;3
03/21/2019 10:50:00 PM;TRAFFIC SIGNAL;CLEAR;DARKNESS, LIGHTED ROAD;TURNING;NOT DIVIDED;STRAIGHT AND LEVEL;DRY;NO DEFECTS;NO INJURY / DRIVE AWAY;Y;OVER $1,500;UNABLE TO DETERMINE;2;NO INDICATION OF INJURY;0.0;0.0;0.0;0.0;0.0;2.0;22;5;3
01/26/2020 06:43:00 PM;TRAFFIC SIGNAL;CLEAR;DARKNESS;ANGLE;FOUR WAY;STRAIGHT AND LEVEL;DRY;UNKNOWN;INJURY AND / OR TOW DUE TO CRASH;Y;OVER $1,500;UNABLE TO DETERMINE;2;NO INDICATION OF INJURY;0.0;0.0;0.0;0.0;0.0;8.0;18;1;1
01/21/2020 03:45:00 PM;UNKNOWN;CLEAR;DAWN;ANGLE;FOUR WAY;STRAIGHT AND LEVEL;DRY;NO DEFECTS;NO INJURY / DRIVE AWAY;Y;$501 - $1,500;FAILING TO YIELD RIGHT-OF-WAY;2;NO INDICATION OF INJURY;0.0;0.0;0.0;0.0;0.0;2.0;15;3;1
08/30/2018 05:45:00 PM;TRAFFIC SIGNAL;CLEAR;DAYLIGHT;TURNING;NOT DIVIDED;STRAIGHT AND LEVEL;DRY;UNKNOWN;NO INJURY / DRIVE AWAY;Y;OVER $1,500;IMPROPER OVERTAKING/PASSING;2;NO INDICATION OF INJURY;0.0;0.0;0.0;0.0;0.0;2.0;17;5;8
05/30/2022 12:49:00 AM;TRAFFIC SIGNAL;CLEAR;DARKNESS, LIGHTED ROAD;REAR END;ONE-WAY;STRAIGHT AND LEVEL;DRY;NO DEFECTS;INJURY AND / OR TOW DUE TO CRASH;N;OVER $1,500;EQUIPMENT - VEHICLE CONDITION;2;NO INDICATION OF INJURY;0.0;0.0;0.0;0.0;0.0;2.0;0;2;5
04/10/2023 10:20:00 AM;TRAFFIC SIGNAL;CLEAR;DAYLIGHT;SIDESWIPE SAME DIRECTION;DIVIDED - W/MEDIAN BARRIER;STRAIGHT AND LEVEL;DRY;NO DEFECTS;NO INJURY / DRIVE AWAY;Y;OVER $1,500;UNABLE TO DETERMINE;2;NO INDICATION OF INJURY;0.0;0.0;0.0;0.0;0.0;2.0;10;2;4
01/03/2016 02:00:00 PM;TRAFFIC SIGNAL;CLEAR;DAYLIGHT;SIDESWIPE SAME DIRECTION;NOT DIVIDED;STRAIGHT AND LEVEL;DRY;NO DEFECTS;NO INJURY / DRIVE AWAY;Y;$501 - $1,500;NOT APPLICABLE;2;NO INDICATION OF INJURY;0.0;0.0;0.0;0.0;0.0;2.0;14;1;1
10/12/2022 09:15:00 AM;STOP SIGN/FLASHER;RAIN;DAYLIGHT;ANGLE;NOT DIVIDED;STRAIGHT AND LEVEL;WET;NO DEFECTS;INJURY AND / OR TOW DUE TO CRASH;Y;OVER $1,500;DISREGARDING STOP SIGN;3;NONINCAPACITATING INJURY;3.0;0.0;0.0;2.0;1.0;1.0;9;4;10
08/18/2019 04:14:00 PM;TRAFFIC SIGNAL;CLEAR;DAYLIGHT;REAR END;DIVIDED - W/MEDIAN BARRIER;STRAIGHT AND LEVEL;DRY;NO DEFECTS;INJURY AND / OR TOW DUE TO CRASH;Y;OVER $1,500;FAILING TO REDUCE SPEED TO AVOID CRASH;2;NONINCAPACITATING INJURY;3.0;0.0;0.0;3.0;0.0;1.0;16;1;8
09/08/2015 11:30:00 AM;TRAFFIC SIGNAL;CLEAR;DAYLIGHT;REAR END;ONE-WAY;STRAIGHT AND LEVEL;DRY;NO DEFECTS;NO INJURY / DRIVE AWAY;Y;$501 - $1,500;UNABLE TO DETERMINE;2;NO INDICATION OF INJURY;0.0;0.0;0.0;0.0;0.0;2.0;11;3;9
11/07/2022 10:05:00 AM;TRAFFIC SIGNAL;CLEAR;DAYLIGHT;TURNING;FIVE POINT, OR MORE;STRAIGHT AND LEVEL;DRY;NO DEFECTS;INJURY AND / OR TOW DUE TO CRASH;Y;OVER $1,500;DISREGARDING TRAFFIC SIGNALS;2;NO INDICATION OF INJURY;0.0;0.0;0.0;0.0;0.0;4.0;10;2;11
06/30/2020 02:50:00 PM;NO CONTROLS;UNKNOWN;UNKNOWN;REAR END;NOT DIVIDED;STRAIGHT AND LEVEL;UNKNOWN;UNKNOWN;INJURY AND / OR TOW DUE TO CRASH;Y;$501 - $1,500;FOLLOWING TOO CLOSELY;2;REPORTED, NOT EVIDENT;1.0;0.0;0.0;0.0;1.0;1.0;14;3;6
04/20/2021 02:00:00 PM;TRAFFIC SIGNAL;CLEAR;DAYLIGHT;TURNING;FOUR WAY;STRAIGHT AND LEVEL;DRY;NO DEFECTS;INJURY AND / OR TOW DUE TO CRASH;Y;OVER $1,500;UNABLE TO DETERMINE;2;REPORTED, NOT EVIDENT;1.0;0.0;0.0;0.0;1.0;1.0;14;3;4
10/21/2022 03:20:00 PM;TRAFFIC SIGNAL;CLEAR;DAYLIGHT;REAR END;DIVIDED - W/MEDIAN (NOT RAISED);CURVE, LEVEL;DRY;NO DEFECTS;INJURY AND / OR TOW DUE TO CRASH;N;OVER $1,500;FOLLOWING TOO CLOSELY;2;NO INDICATION OF INJURY;0.0;0.0;0.0;0.0;0.0;2.0;15;6;10
06/30/2017 04:00:00 PM;STOP SIGN/FLASHER;CLEAR;DAYLIGHT;TURNING;NOT DIVIDED;STRAIGHT AND LEVEL;DRY;NO DEFECTS;INJURY AND / OR TOW DUE TO CRASH;Y;OVER $1,500;FAILING TO YIELD RIGHT-OF-WAY;2;NO INDICATION OF INJURY;0.0;0.0;0.0;0.0;0.0;3.0;16;6;6
10/25/2015 03:01:00 AM;TRAFFIC SIGNAL;CLEAR;DARKNESS, LIGHTED ROAD;FIXED OBJECT;DIVIDED - W/MEDIAN BARRIER;CURVE, LEVEL;DRY;NO DEFECTS;INJURY AND / OR TOW DUE TO CRASH;Y;OVER $1,500;IMPROPER OVERTAKING/PASSING;1;NO INDICATION OF INJURY;0.0;0.0;0.0;0.0;0.0;1.0;3;1;10
11/30/2021 01:30:00 PM;TRAFFIC SIGNAL;CLEAR;DAYLIGHT;TURNING;FOUR WAY;STRAIGHT AND LEVEL;DRY;NO DEFECTS;INJURY AND / OR TOW DUE TO CRASH;Y;OVER $1,500;UNABLE TO DETERMINE;2;NONINCAPACITATING INJURY;1.0;0.0;0.0;1.0;0.0;1.0;13;3;11
12/11/2020 12:29:00 AM;TRAFFIC SIGNAL;CLEAR;DARKNESS, LIGHTED ROAD;TURNING;FOUR WAY;STRAIGHT AND LEVEL;DRY;NO DEFECTS;INJURY AND / OR TOW DUE TO CRASH;Y;OVER $1,500;DISREGARDING TRAFFIC SIGNALS;2;REPORTED, NOT EVIDENT;2.0;0.0;0.0;0.0;2.0;2.0;0;6;12
07/14/2022 12:00:00 PM;STOP SIGN/FLASHER;CLEAR;DAYLIGHT;FIXED OBJECT;OTHER;CURVE, LEVEL;DRY;NO DEFECTS;NO INJURY / DRIVE AWAY;Y;$501 - $1,500;FAILING TO YIELD RIGHT-OF-WAY;1;NO INDICATION OF INJURY;0.0;0.0;0.0;0.0;0.0;1.0;12;5;7
06/20/2018 08:55:00 PM;TRAFFIC SIGNAL;CLEAR;DARKNESS, LIGHTED ROAD;TURNING;NOT DIVIDED;STRAIGHT AND LEVEL;DRY;NO DEFECTS;INJURY AND / OR TOW DUE TO CRASH;Y;$501 - $1,500;DISREGARDING TRAFFIC SIGNALS;2;REPORTED, NOT EVIDENT;1.0;0.0;0.0;0.0;1.0;3.0;20;4;6
12/14/2021 12:45:00 AM;TRAFFIC SIGNAL;CLEAR;DARKNESS, LIGHTED ROAD;FIXED OBJECT;FOUR WAY;STRAIGHT AND LEVEL;DRY;NO DEFECTS;INJURY AND / OR TOW DUE TO CRASH;Y;OVER $1,500;NOT APPLICABLE;1;NO INDICATION OF INJURY;0.0;0.0;0.0;0.0;0.0;1.0;0;3;12
01/19/2018 02:35:00 PM;TRAFFIC SIGNAL;CLEAR;DAYLIGHT;REAR END;DIVIDED - W/MEDIAN (NOT RAISED);STRAIGHT AND LEVEL;DRY;NO DEFECTS;INJURY AND / OR TOW DUE TO CRASH;Y;$501 - $1,500;FOLLOWING TOO CLOSELY;2;REPORTED, NOT EVIDENT;1.0;0.0;0.0;0.0;1.0;2.0;14;6;1
11/10/2018 12:20:00 PM;TRAFFIC SIGNAL;CLEAR;DAYLIGHT;REAR END;OTHER;STRAIGHT AND LEVEL;DRY;NO DEFECTS;NO INJURY / DRIVE AWAY;Y;OVER $1,500;UNABLE TO DETERMINE;2;NO INDICATION OF INJURY;0.0;0.0;0.0;0.0;0.0;4.0;12;7;11
11/19/2017 04:30:00 AM;TRAFFIC SIGNAL;CLEAR;DARKNESS, LIGHTED ROAD;SIDESWIPE SAME DIRECTION;NOT DIVIDED;STRAIGHT AND LEVEL;DRY;NO DEFECTS;NO INJURY / DRIVE AWAY;Y;$501 - $1,500;IMPROPER OVERTAKING/PASSING;2;NO INDICATION OF INJURY;0.0;0.0;0.0;0.0;0.0;3.0;4;1;11
02/28/2023 07:30:00 PM;NO CONTROLS;CLEAR;DARKNESS, LIGHTED ROAD;REAR END;NOT DIVIDED;STRAIGHT AND LEVEL;DRY;NO DEFECTS;INJURY AND / OR TOW DUE TO CRASH;Y;OVER $1,500;FAILING TO REDUCE SPEED TO AVOID CRASH;2;NO INDICATION OF INJURY;0.0;0.0;0.0;0.0;0.0;3.0;19;3;2
09/22/2022 03:15:00 PM;STOP SIGN/FLASHER;CLEAR;DAYLIGHT;ANGLE;FOUR WAY;STRAIGHT AND LEVEL;DRY;NO DEFECTS;NO INJURY / DRIVE AWAY;Y;OVER $1,500;FAILING TO YIELD RIGHT-OF-WAY;2;NO INDICATION OF INJURY;0.0;0.0;0.0;0.0;0.0;4.0;15;5;9
08/13/2018 01:45:00 AM;NO CONTROLS;CLEAR;DARKNESS, LIGHTED ROAD;FIXED OBJECT;DIVIDED - W/MEDIAN (NOT RAISED);STRAIGHT AND LEVEL;DRY;NO DEFECTS;INJURY AND / OR TOW DUE TO CRASH;N;OVER $1,500;OPERATING VEHICLE IN ERRATIC, RECKLESS, CARELESS, NEGLIGENT OR AGGRESSIVE MANNER;1;NO INDICATION OF INJURY;0.0;0.0;0.0;0.0;0.0;2.0;1;2;8
12/12/2017 02:45:00 PM;UNKNOWN;CLOUDY/OVERCAST;DAYLIGHT;PEDESTRIAN;DIVIDED - W/MEDIAN (NOT RAISED);STRAIGHT AND LEVEL;OTHER;UNKNOWN;INJURY AND / OR TOW DUE TO CRASH;Y;OVER $1,500;UNABLE TO DETERMINE;2;NONINCAPACITATING INJURY;1.0;0.0;0.0;1.0;0.0;1.0;14;3;12
06/22/2018 07:25:00 AM;TRAFFIC SIGNAL;RAIN;DAYLIGHT;TURNING;NOT DIVIDED;STRAIGHT AND LEVEL;WET;NO DEFECTS;INJURY AND / OR TOW DUE TO CRASH;Y;OVER $1,500;UNABLE TO DETERMINE;2;NONINCAPACITATING INJURY;2.0;0.0;0.0;2.0;0.0;2.0;7;6;6
03/12/2020 05:38:00 PM;NO CONTROLS;CLEAR;DUSK;TURNING;NOT DIVIDED;STRAIGHT AND LEVEL;DRY;NO DEFECTS;INJURY AND / OR TOW DUE TO CRASH;Y;OVER $1,500;FAILING TO YIELD RIGHT-OF-WAY;2;NO INDICATION OF INJURY;0.0;0.0;0.0;0.0;0.0;2.0;17;5;3
04/21/2020 10:00:00 AM;TRAFFIC SIGNAL;CLEAR;DAYLIGHT;REAR END;DIVIDED - W/MEDIAN BARRIER;STRAIGHT AND LEVEL;DRY;NO DEFECTS;NO INJURY / DRIVE AWAY;Y;$501 - $1,500;UNABLE TO DETERMINE;2;NO INDICATION OF INJURY;0.0;0.0;0.0;0.0;0.0;2.0;10;3;4
11/18/2017 01:11:00 PM;TRAFFIC SIGNAL;RAIN;DAYLIGHT;FIXED OBJECT;NOT DIVIDED;STRAIGHT AND LEVEL;WET;NO DEFECTS;INJURY AND / OR TOW DUE TO CRASH;Y;OVER $1,500;DISREGARDING TRAFFIC SIGNALS;1;NO INDICATION OF INJURY;0.0;0.0;0.0;0.0;0.0;1.0;13;7;11
07/13/2016 02:00:00 PM;TRAFFIC SIGNAL;CLEAR;DAYLIGHT;REAR END;NOT DIVIDED;STRAIGHT AND LEVEL;DRY;NO DEFECTS;NO INJURY / DRIVE AWAY;Y;OVER $1,500;FAILING TO REDUCE SPEED TO AVOID CRASH;2;NO INDICATION OF INJURY;0.0;0.0;0.0;0.0;0.0;2.0;14;4;7
07/20/2016 04:45:00 PM;UNKNOWN;UNKNOWN;UNKNOWN;TURNING;CENTER TURN LANE;STRAIGHT AND LEVEL;UNKNOWN;UNKNOWN;NO INJURY / DRIVE AWAY;Y;OVER $1,500;UNABLE TO DETERMINE;2;NO INDICATION OF INJURY;0.0;0.0;0.0;0.0;0.0;2.0;16;4;7
11/20/2018 12:14:00 PM;TRAFFIC SIGNAL;CLEAR;DAYLIGHT;SIDESWIPE SAME DIRECTION;UNKNOWN;STRAIGHT AND LEVEL;DRY;NO DEFECTS;NO INJURY / DRIVE AWAY;Y;OVER $1,500;IMPROPER OVERTAKING/PASSING;2;NO INDICATION OF INJURY;0.0;0.0;0.0;0.0;0.0;2.0;12;3;11
12/27/2020 06:16:00 PM;TRAFFIC SIGNAL;CLEAR;DAWN;ANGLE;DIVIDED - W/MEDIAN (NOT RAISED);STRAIGHT AND LEVEL;DRY;NO DEFECTS;NO INJURY / DRIVE AWAY;Y;$501 - $1,500;NOT APPLICABLE;2;NO INDICATION OF INJURY;0.0;0.0;0.0;0.0;0.0;4.0;18;1;12
07/06/2023 09:20:00 AM;STOP SIGN/FLASHER;CLEAR;DAYLIGHT;ANGLE;NOT DIVIDED;STRAIGHT AND LEVEL;DRY;NO DEFECTS;NO INJURY / DRIVE AWAY;Y;OVER $1,500;DISREGARDING STOP SIGN;2;NO INDICATION OF INJURY;0.0;0.0;0.0;0.0;0.0;2.0;9;5;7
12/29/2021 12:13:00 PM;STOP SIGN/FLASHER;CLEAR;DAYLIGHT;TURNING;T-INTERSECTION;STRAIGHT AND LEVEL;DRY;SHOULDER DEFECT;INJURY AND / OR TOW DUE TO CRASH;Y;OVER $1,500;UNABLE TO DETERMINE;2;NO INDICATION OF INJURY;0.0;0.0;0.0;0.0;0.0;2.0;12;4;12
09/17/2019 06:58:00 PM;TRAFFIC SIGNAL;CLEAR;DAYLIGHT;ANGLE;NOT DIVIDED;STRAIGHT AND LEVEL;DRY;NO DEFECTS;NO INJURY / DRIVE AWAY;Y;OVER $1,500;UNABLE TO DETERMINE;2;NO INDICATION OF INJURY;0.0;0.0;0.0;0.0;0.0;2.0;18;3;9
10/12/2017 08:50:00 AM;STOP SIGN/FLASHER;CLEAR;DAYLIGHT;SIDESWIPE SAME DIRECTION;NOT DIVIDED;STRAIGHT AND LEVEL;DRY;NO DEFECTS;NO INJURY / DRIVE AWAY;Y;OVER $1,500;IMPROPER LANE USAGE;2;NO INDICATION OF INJURY;0.0;0.0;0.0;0.0;0.0;2.0;8;5;10
01/05/2018 05:07:00 PM;TRAFFIC SIGNAL;CLEAR;DARKNESS, LIGHTED ROAD;REAR END;DIVIDED - W/MEDIAN (NOT RAISED);STRAIGHT AND LEVEL;DRY;NO DEFECTS;NO INJURY / DRIVE AWAY;Y;OVER $1,500;FOLLOWING TOO CLOSELY;2;NO INDICATION OF INJURY;0.0;0.0;0.0;0.0;0.0;2.0;17;6;1
03/21/2022 09:45:00 PM;TRAFFIC SIGNAL;CLEAR;DARKNESS, LIGHTED ROAD;REAR END;NOT DIVIDED;STRAIGHT AND LEVEL;DRY;NO DEFECTS;NO INJURY / DRIVE AWAY;Y;$500 OR LESS;FAILING TO REDUCE SPEED TO AVOID CRASH;2;NO INDICATION OF INJURY;0.0;0.0;0.0;0.0;0.0;2.0;21;2;3
06/10/2023 07:30:00 PM;UNKNOWN;CLEAR;DUSK;TURNING;FOUR WAY;STRAIGHT AND LEVEL;DRY;UNKNOWN;INJURY AND / OR TOW DUE TO CRASH;Y;OVER $1,500;UNABLE TO DETERMINE;2;NONINCAPACITATING INJURY;1.0;0.0;0.0;1.0;0.0;2.0;19;7;6
03/01/2017 03:50:00 PM;NO CONTROLS;RAIN;DAYLIGHT;TURNING;NOT DIVIDED;STRAIGHT AND LEVEL;WET;UNKNOWN;NO INJURY / DRIVE AWAY;Y;OVER $1,500;FAILING TO YIELD RIGHT-OF-WAY;2;NO INDICATION OF INJURY;0.0;0.0;0.0;0.0;0.0;4.0;15;4;3
12/11/2021 08:50:00 PM;TRAFFIC SIGNAL;CLEAR;DARKNESS, LIGHTED ROAD;TURNING;T-INTERSECTION;STRAIGHT AND LEVEL;UNKNOWN;UNKNOWN;INJURY AND / OR TOW DUE TO CRASH;Y;OVER $1,500;DISREGARDING TRAFFIC SIGNALS;2;INCAPACITATING INJURY;2.0;0.0;1.0;0.0;1.0;1.0;20;7;12
02/11/2019 03:00:00 PM;TRAFFIC SIGNAL;CLEAR;DAYLIGHT;TURNING;DIVIDED - W/MEDIAN BARRIER;STRAIGHT AND LEVEL;DRY;NO DEFECTS;NO INJURY / DRIVE AWAY;Y;$500 OR LESS;IMPROPER TURNING/NO SIGNAL;2;NO INDICATION OF INJURY;0.0;0.0;0.0;0.0;0.0;2.0;15;2;2
08/19/2016 08:15:00 PM;STOP SIGN/FLASHER;CLEAR;DAYLIGHT;ANGLE;ONE-WAY;STRAIGHT AND LEVEL;DRY;UNKNOWN;NO INJURY / DRIVE AWAY;Y;OVER $1,500;UNABLE TO DETERMINE;2;NO INDICATION OF INJURY;0.0;0.0;0.0;0.0;0.0;2.0;20;6;8
02/10/2023 07:05:00 PM;TRAFFIC SIGNAL;CLEAR;DARKNESS, LIGHTED ROAD;TURNING;FOUR WAY;STRAIGHT AND LEVEL;DRY;NO DEFECTS;INJURY AND / OR TOW DUE TO CRASH;Y;OVER $1,500;FAILING TO YIELD RIGHT-OF-WAY;2;NO INDICATION OF INJURY;0.0;0.0;0.0;0.0;0.0;2.0;19;6;2
02/13/2021 07:28:00 PM;TRAFFIC SIGNAL;CLEAR;DARKNESS, LIGHTED ROAD;TURNING;NOT DIVIDED;STRAIGHT AND LEVEL;SNOW OR SLUSH;NO DEFECTS;INJURY AND / OR TOW DUE TO CRASH;Y;OVER $1,500;FAILING TO YIELD RIGHT-OF-WAY;2;REPORTED, NOT EVIDENT;1.0;0.0;0.0;0.0;1.0;1.0;19;7;2
07/28/2019 03:25:00 PM;TRAFFIC SIGNAL;CLEAR;DAYLIGHT;REAR END;DIVIDED - W/MEDIAN BARRIER;STRAIGHT AND LEVEL;DRY;NO DEFECTS;NO INJURY / DRIVE AWAY;Y;OVER $1,500;UNABLE TO DETERMINE;3;NO INDICATION OF INJURY;0.0;0.0;0.0;0.0;0.0;3.0;15;1;7
04/06/2019 08:35:00 PM;TRAFFIC SIGNAL;CLEAR;DARKNESS, LIGHTED ROAD;TURNING;ONE-WAY;STRAIGHT AND LEVEL;DRY;NO DEFECTS;NO INJURY / DRIVE AWAY;Y;$501 - $1,500;IMPROPER LANE USAGE;2;NO INDICATION OF INJURY;0.0;0.0;0.0;0.0;0.0;3.0;20;7;4
12/13/2018 04:45:00 PM;STOP SIGN/FLASHER;CLEAR;DAWN;SIDESWIPE SAME DIRECTION;ONE-WAY;STRAIGHT AND LEVEL;DRY;UNKNOWN;NO INJURY / DRIVE AWAY;Y;OVER $1,500;IMPROPER OVERTAKING/PASSING;3;NO INDICATION OF INJURY;0.0;0.0;0.0;0.0;0.0;3.0;16;5;12
11/17/2022 07:15:00 AM;NO CONTROLS;CLEAR;DAYLIGHT;REAR END;NOT DIVIDED;STRAIGHT AND LEVEL;DRY;NO DEFECTS;INJURY AND / OR TOW DUE TO CRASH;Y;OVER $1,500;FOLLOWING TOO CLOSELY;2;NO INDICATION OF INJURY;0.0;0.0;0.0;0.0;0.0;2.0;7;5;11
09/18/2020 12:30:00 PM;YIELD;CLEAR;DAYLIGHT;PEDESTRIAN;FOUR WAY;STRAIGHT AND LEVEL;DRY;NO DEFECTS;INJURY AND / OR TOW DUE TO CRASH;Y;$500 OR LESS;FAILING TO YIELD RIGHT-OF-WAY;2;NONINCAPACITATING INJURY;1.0;0.0;0.0;1.0;0.0;1.0;12;6;9
12/06/2020 06:50:00 PM;TRAFFIC SIGNAL;CLEAR;DARKNESS, LIGHTED ROAD;ANGLE;DIVIDED - W/MEDIAN BARRIER;STRAIGHT AND LEVEL;DRY;NO DEFECTS;INJURY AND / OR TOW DUE TO CRASH;Y;OVER $1,500;DISREGARDING TRAFFIC SIGNALS;2;NO INDICATION OF INJURY;0.0;0.0;0.0;0.0;0.0;2.0;18;1;12
10/23/2016 03:00:00 AM;STOP SIGN/FLASHER;CLEAR;DARKNESS, LIGHTED ROAD;ANGLE;NOT DIVIDED;STRAIGHT AND LEVEL;DRY;NO DEFECTS;NO INJURY / DRIVE AWAY;Y;OVER $1,500;FAILING TO YIELD RIGHT-OF-WAY;2;NO INDICATION OF INJURY;0.0;0.0;0.0;0.0;0.0;3.0;3;1;10
08/01/2021 04:40:00 AM;TRAFFIC SIGNAL;CLEAR;DARKNESS, LIGHTED ROAD;TURNING;DIVIDED - W/MEDIAN BARRIER;STRAIGHT AND LEVEL;DRY;NO DEFECTS;INJURY AND / OR TOW DUE TO CRASH;Y;OVER $1,500;DRIVING ON WRONG SIDE/WRONG WAY;2;NONINCAPACITATING INJURY;1.0;0.0;0.0;1.0;0.0;1.0;4;1;8
10/24/2018 04:10:00 PM;STOP SIGN/FLASHER;CLEAR;DAYLIGHT;ANGLE;DIVIDED - W/MEDIAN (NOT RAISED);STRAIGHT AND LEVEL;DRY;NO DEFECTS;NO INJURY / DRIVE AWAY;Y;$501 - $1,500;FAILING TO YIELD RIGHT-OF-WAY;2;NO INDICATION OF INJURY;0.0;0.0;0.0;0.0;0.0;4.0;16;4;10
12/08/2019 08:14:00 AM;TRAFFIC SIGNAL;CLEAR;DAYLIGHT;SIDESWIPE SAME DIRECTION;FOUR WAY;STRAIGHT AND LEVEL;DRY;NO DEFECTS;NO INJURY / DRIVE AWAY;Y;OVER $1,500;UNABLE TO DETERMINE;2;NO INDICATION OF INJURY;0.0;0.0;0.0;0.0;0.0;2.0;8;1;12
02/22/2017 07:15:00 AM;TRAFFIC SIGNAL;CLOUDY/OVERCAST;DAYLIGHT;TURNING;DIVIDED - W/MEDIAN (NOT RAISED);STRAIGHT AND LEVEL;WET;NO DEFECTS;NO INJURY / DRIVE AWAY;Y;OVER $1,500;IMPROPER OVERTAKING/PASSING;2;NO INDICATION OF INJURY;0.0;0.0;0.0;0.0;0.0;3.0;7;4;2
11/02/2021 03:30:00 PM;NO CONTROLS;UNKNOWN;DAYLIGHT;SIDESWIPE SAME DIRECTION;T-INTERSECTION;STRAIGHT AND LEVEL;OTHER;UNKNOWN;NO INJURY / DRIVE AWAY;Y;OVER $1,500;UNABLE TO DETERMINE;2;NO INDICATION OF INJURY;0.0;0.0;0.0;0.0;0.0;2.0;15;3;11
03/11/2022 04:36:00 PM;TRAFFIC SIGNAL;CLEAR;DAYLIGHT;TURNING;NOT DIVIDED;STRAIGHT AND LEVEL;DRY;NO DEFECTS;NO INJURY / DRIVE AWAY;Y;OVER $1,500;DRIVING ON WRONG SIDE/WRONG WAY;2;NO INDICATION OF INJURY;0.0;0.0;0.0;0.0;0.0;2.0;16;6;3
02/16/2023 12:20:00 PM;NO CONTROLS;RAIN;DAYLIGHT;SIDESWIPE SAME DIRECTION;DIVIDED - W/MEDIAN BARRIER;STRAIGHT AND LEVEL;WET;NO DEFECTS;INJURY AND / OR TOW DUE TO CRASH;Y;$501 - $1,500;FAILING TO REDUCE SPEED TO AVOID CRASH;2;NO INDICATION OF INJURY;0.0;0.0;0.0;0.0;0.0;2.0;12;5;2
03/05/2022 08:02:00 AM;TRAFFIC SIGNAL;CLEAR;DAYLIGHT;FIXED OBJECT;FOUR WAY;STRAIGHT AND LEVEL;DRY;NO DEFECTS;INJURY AND / OR TOW DUE TO CRASH;Y;OVER $1,500;NOT APPLICABLE;1;NONINCAPACITATING INJURY;1.0;0.0;0.0;1.0;0.0;0.0;8;7;3
06/29/2019 04:35:00 PM;UNKNOWN;CLEAR;DAYLIGHT;SIDESWIPE SAME DIRECTION;UNKNOWN INTERSECTION TYPE;STRAIGHT AND LEVEL;DRY;UNKNOWN;INJURY AND / OR TOW DUE TO CRASH;N;OVER $1,500;UNABLE TO DETERMINE;5;NONINCAPACITATING INJURY;4.0;0.0;0.0;1.0;3.0;2.0;16;7;6
06/16/2018 04:30:00 PM;NO CONTROLS;CLEAR;DAYLIGHT;PARKED MOTOR VEHICLE;NOT DIVIDED;STRAIGHT AND LEVEL;DRY;NO DEFECTS;NO INJURY / DRIVE AWAY;Y;OVER $1,500;FAILING TO YIELD RIGHT-OF-WAY;3;NO INDICATION OF INJURY;0.0;0.0;0.0;0.0;0.0;3.0;16;7;6
07/05/2018 10:22:00 AM;STOP SIGN/FLASHER;CLEAR;DAYLIGHT;ANGLE;NOT DIVIDED;STRAIGHT AND LEVEL;DRY;NO DEFECTS;INJURY AND / OR TOW DUE TO CRASH;Y;OVER $1,500;DISREGARDING STOP SIGN;3;NO INDICATION OF INJURY;0.0;0.0;0.0;0.0;0.0;3.0;10;5;7
04/24/2018 06:45:00 PM;TRAFFIC SIGNAL;CLEAR;DAYLIGHT;REAR END;NOT DIVIDED;STRAIGHT AND LEVEL;DRY;NO DEFECTS;NO INJURY / DRIVE AWAY;Y;OVER $1,500;FOLLOWING TOO CLOSELY;2;NO INDICATION OF INJURY;0.0;0.0;0.0;0.0;0.0;3.0;18;3;4
01/22/2017 09:53:00 PM;STOP SIGN/FLASHER;FOG/SMOKE/HAZE;DARKNESS, LIGHTED ROAD;ANGLE;NOT DIVIDED;STRAIGHT AND LEVEL;WET;NO DEFECTS;INJURY AND / OR TOW DUE TO CRASH;Y;OVER $1,500;FAILING TO YIELD RIGHT-OF-WAY;2;NO INDICATION OF INJURY;0.0;0.0;0.0;0.0;0.0;4.0;21;1;1
07/19/2019 07:29:00 PM;NO CONTROLS;CLEAR;DAYLIGHT;ANGLE;NOT DIVIDED;STRAIGHT AND LEVEL;DRY;NO DEFECTS;INJURY AND / OR TOW DUE TO CRASH;Y;OVER $1,500;FAILING TO YIELD RIGHT-OF-WAY;2;NONINCAPACITATING INJURY;3.0;0.0;0.0;3.0;0.0;1.0;19;6;7
08/28/2020 05:20:00 PM;TRAFFIC SIGNAL;CLEAR;DAYLIGHT;REAR END;DIVIDED - W/MEDIAN BARRIER;STRAIGHT AND LEVEL;DRY;NO DEFECTS;INJURY AND / OR TOW DUE TO CRASH;Y;$501 - $1,500;UNABLE TO DETERMINE;2;REPORTED, NOT EVIDENT;1.0;0.0;0.0;0.0;1.0;2.0;17;6;8
11/12/2020 10:35:00 PM;NO CONTROLS;RAIN;DARKNESS;PARKED MOTOR VEHICLE;NOT DIVIDED;STRAIGHT AND LEVEL;WET;NO DEFECTS;INJURY AND / OR TOW DUE TO CRASH;Y;OVER $1,500;FAILING TO REDUCE SPEED TO AVOID CRASH;3;NO INDICATION OF INJURY;0.0;0.0;0.0;0.0;0.0;2.0;22;5;11
08/23/2019 06:41:00 PM;TRAFFIC SIGNAL;CLEAR;DAYLIGHT;TURNING;NOT DIVIDED;STRAIGHT AND LEVEL;DRY;NO DEFECTS;NO INJURY / DRIVE AWAY;N;OVER $1,500;FAILING TO YIELD RIGHT-OF-WAY;2;NO INDICATION OF INJURY;0.0;0.0;0.0;0.0;0.0;2.0;18;6;8
06/02/2023 06:58:00 PM;TRAFFIC SIGNAL;CLEAR;DAYLIGHT;TURNING;FOUR WAY;STRAIGHT AND LEVEL;DRY;NO DEFECTS;NO INJURY / DRIVE AWAY;Y;OVER $1,500;IMPROPER LANE USAGE;2;NO INDICATION OF INJURY;0.0;0.0;0.0;0.0;0.0;3.0;18;6;6
09/20/2018 05:00:00 PM;STOP SIGN/FLASHER;CLEAR;DAYLIGHT;ANGLE;OTHER;STRAIGHT AND LEVEL;DRY;NO DEFECTS;NO INJURY / DRIVE AWAY;Y;OVER $1,500;FAILING TO YIELD RIGHT-OF-WAY;2;NO INDICATION OF INJURY;0.0;0.0;0.0;0.0;0.0;2.0;17;5;9
02/02/2022 08:58:00 AM;TRAFFIC SIGNAL;BLOWING SNOW;DAYLIGHT;REAR END;DIVIDED - W/MEDIAN (NOT RAISED);STRAIGHT ON HILLCREST;SNOW OR SLUSH;NO DEFECTS;NO INJURY / DRIVE AWAY;Y;$501 - $1,500;WEATHER;2;NO INDICATION OF INJURY;0.0;0.0;0.0;0.0;0.0;2.0;8;4;2
09/17/2021 01:25:00 PM;NO CONTROLS;CLEAR;DAYLIGHT;ANGLE;NOT DIVIDED;STRAIGHT AND LEVEL;DRY;NO DEFECTS;INJURY AND / OR TOW DUE TO CRASH;Y;OVER $1,500;FAILING TO YIELD RIGHT-OF-WAY;2;NO INDICATION OF INJURY;0.0;0.0;0.0;0.0;0.0;2.0;13;6;9
02/22/2020 03:30:00 PM;TRAFFIC SIGNAL;CLEAR;DAYLIGHT;REAR END;FOUR WAY;STRAIGHT AND LEVEL;DRY;NO DEFECTS;NO INJURY / DRIVE AWAY;Y;OVER $1,500;DRIVING SKILLS/KNOWLEDGE/EXPERIENCE;2;NO INDICATION OF INJURY;0.0;0.0;0.0;0.0;0.0;3.0;15;7;2
09/24/2019 04:40:00 PM;STOP SIGN/FLASHER;CLEAR;DAYLIGHT;TURNING;DIVIDED - W/MEDIAN (NOT RAISED);STRAIGHT AND LEVEL;DRY;NO DEFECTS;INJURY AND / OR TOW DUE TO CRASH;Y;OVER $1,500;FAILING TO YIELD RIGHT-OF-WAY;3;NO INDICATION OF INJURY;0.0;0.0;0.0;0.0;0.0;4.0;16;3;9
11/08/2017 09:00:00 PM;TRAFFIC SIGNAL;CLEAR;DARKNESS, LIGHTED ROAD;REAR END;NOT DIVIDED;STRAIGHT AND LEVEL;DRY;NO DEFECTS;NO INJURY / DRIVE AWAY;Y;$501 - $1,500;UNABLE TO DETERMINE;2;NO INDICATION OF INJURY;0.0;0.0;0.0;0.0;0.0;2.0;21;4;11
09/16/2017 06:00:00 PM;STOP SIGN/FLASHER;CLEAR;DUSK;ANGLE;NOT DIVIDED;STRAIGHT AND LEVEL;DRY;UNKNOWN;INJURY AND / OR TOW DUE TO CRASH;Y;OVER $1,500;DISREGARDING STOP SIGN;2;REPORTED, NOT EVIDENT;2.0;0.0;0.0;0.0;2.0;2.0;18;7;9
05/08/2023 05:30:00 AM;STOP SIGN/FLASHER;CLEAR;DAYLIGHT;REAR END;FOUR WAY;STRAIGHT AND LEVEL;DRY;NO DEFECTS;NO INJURY / DRIVE AWAY;Y;OVER $1,500;FAILING TO YIELD RIGHT-OF-WAY;2;NO INDICATION OF INJURY;0.0;0.0;0.0;0.0;0.0;3.0;5;2;5
07/12/2021 08:47:00 AM;TRAFFIC SIGNAL;CLOUDY/OVERCAST;DAYLIGHT;SIDESWIPE SAME DIRECTION;FOUR WAY;STRAIGHT ON GRADE;DRY;NO DEFECTS;INJURY AND / OR TOW DUE TO CRASH;Y;$501 - $1,500;FAILING TO REDUCE SPEED TO AVOID CRASH;2;NONINCAPACITATING INJURY;1.0;0.0;0.0;1.0;0.0;4.0;8;2;7
09/16/2019 11:30:00 AM;NO CONTROLS;CLEAR;DAYLIGHT;SIDESWIPE SAME DIRECTION;NOT DIVIDED;STRAIGHT AND LEVEL;DRY;NO DEFECTS;NO INJURY / DRIVE AWAY;Y;OVER $1,500;FAILING TO YIELD RIGHT-OF-WAY;2;NO INDICATION OF INJURY;0.0;0.0;0.0;0.0;0.0;2.0;11;2;9
06/16/2018 01:55:00 PM;STOP SIGN/FLASHER;CLEAR;DAYLIGHT;ANGLE;NOT DIVIDED;STRAIGHT AND LEVEL;DRY;UNKNOWN;NO INJURY / DRIVE AWAY;Y;$501 - $1,500;UNABLE TO DETERMINE;2;NO INDICATION OF INJURY;0.0;0.0;0.0;0.0;0.0;2.0;13;7;6
11/24/2018 12:35:00 PM;TRAFFIC SIGNAL;CLOUDY/OVERCAST;DAYLIGHT;ANGLE;DIVIDED - W/MEDIAN (NOT RAISED);STRAIGHT AND LEVEL;DRY;NO DEFECTS;INJURY AND / OR TOW DUE TO CRASH;Y;OVER $1,500;DISREGARDING TRAFFIC SIGNALS;2;NONINCAPACITATING INJURY;2.0;0.0;0.0;2.0;0.0;1.0;12;7;11
07/17/2021 01:35:00 AM;FLASHING CONTROL SIGNAL;CLEAR;DARKNESS, LIGHTED ROAD;HEAD ON;FOUR WAY;STRAIGHT AND LEVEL;UNKNOWN;NO DEFECTS;INJURY AND / OR TOW DUE TO CRASH;Y;OVER $1,500;UNABLE TO DETERMINE;2;NO INDICATION OF INJURY;0.0;0.0;0.0;0.0;0.0;2.0;1;7;7
12/06/2021 05:30:00 PM;TRAFFIC SIGNAL;CLEAR;DARKNESS, LIGHTED ROAD;SIDESWIPE SAME DIRECTION;NOT DIVIDED;STRAIGHT AND LEVEL;DRY;NO DEFECTS;NO INJURY / DRIVE AWAY;Y;$501 - $1,500;IMPROPER OVERTAKING/PASSING;2;NO INDICATION OF INJURY;0.0;0.0;0.0;0.0;0.0;3.0;17;2;12
05/25/2022 02:00:00 PM;TRAFFIC SIGNAL;CLEAR;DAYLIGHT;REAR END;T-INTERSECTION;STRAIGHT AND LEVEL;DRY;NO DEFECTS;NO INJURY / DRIVE AWAY;Y;$501 - $1,500;EQUIPMENT - VEHICLE CONDITION;2;NO INDICATION OF INJURY;0.0;0.0;0.0;0.0;0.0;2.0;14;4;5
07/10/2020 02:55:00 AM;TRAFFIC SIGNAL;UNKNOWN;DARKNESS, LIGHTED ROAD;PEDESTRIAN;FOUR WAY;STRAIGHT AND LEVEL;WET;UNKNOWN;INJURY AND / OR TOW DUE TO CRASH;Y;OVER $1,500;UNABLE TO DETERMINE;2;FATAL;1.0;1.0;0.0;0.0;0.0;1.0;2;6;7
11/29/2019 05:11:00 PM;STOP SIGN/FLASHER;CLEAR;DUSK;PEDESTRIAN;FOUR WAY;STRAIGHT AND LEVEL;DRY;NO DEFECTS;INJURY AND / OR TOW DUE TO CRASH;Y;$500 OR LESS;FAILING TO YIELD RIGHT-OF-WAY;2;NONINCAPACITATING INJURY;1.0;0.0;0.0;1.0;0.0;1.0;17;6;11
11/12/2021 07:50:00 PM;UNKNOWN;RAIN;UNKNOWN;FIXED OBJECT;NOT DIVIDED;STRAIGHT AND LEVEL;WET;NO DEFECTS;INJURY AND / OR TOW DUE TO CRASH;Y;OVER $1,500;UNABLE TO DETERMINE;1;NO INDICATION OF INJURY;0.0;0.0;0.0;0.0;0.0;1.0;19;6;11
05/06/2022 05:35:00 PM;TRAFFIC SIGNAL;RAIN;DAYLIGHT;REAR END;NOT DIVIDED;STRAIGHT AND LEVEL;WET;NO DEFECTS;NO INJURY / DRIVE AWAY;Y;OVER $1,500;WEATHER;2;NO INDICATION OF INJURY;0.0;0.0;0.0;0.0;0.0;2.0;17;6;5
02/07/2022 02:30:00 PM;UNKNOWN;CLEAR;DAYLIGHT;PEDESTRIAN;NOT DIVIDED;STRAIGHT AND LEVEL;DRY;NO DEFECTS;INJURY AND / OR TOW DUE TO CRASH;Y;$500 OR LESS;DISREGARDING OTHER TRAFFIC SIGNS;2;REPORTED, NOT EVIDENT;2.0;0.0;0.0;0.0;2.0;0.0;14;2;2
06/18/2021 09:00:00 AM;TRAFFIC SIGNAL;CLEAR;DAYLIGHT;REAR END;NOT DIVIDED;STRAIGHT AND LEVEL;DRY;NO DEFECTS;NO INJURY / DRIVE AWAY;Y;OVER $1,500;NOT APPLICABLE;2;NO INDICATION OF INJURY;0.0;0.0;0.0;0.0;0.0;4.0;9;6;6
12/08/2019 04:20:00 AM;STOP SIGN/FLASHER;CLEAR;DARKNESS;ANGLE;T-INTERSECTION;STRAIGHT AND LEVEL;DRY;NO DEFECTS;INJURY AND / OR TOW DUE TO CRASH;Y;OVER $1,500;DISREGARDING STOP SIGN;2;NONINCAPACITATING INJURY;1.0;0.0;0.0;1.0;0.0;2.0;4;1;12
07/24/2023 08:40:00 AM;TRAFFIC SIGNAL;UNKNOWN;UNKNOWN;REAR END;FOUR WAY;STRAIGHT AND LEVEL;UNKNOWN;UNKNOWN;NO INJURY / DRIVE AWAY;Y;OVER $1,500;FOLLOWING TOO CLOSELY;2;NO INDICATION OF INJURY;0.0;0.0;0.0;0.0;0.0;2.0;8;2;7
04/25/2019 10:30:00 AM;TRAFFIC SIGNAL;CLEAR;DAYLIGHT;TURNING;T-INTERSECTION;STRAIGHT AND LEVEL;DRY;NO DEFECTS;NO INJURY / DRIVE AWAY;Y;$501 - $1,500;UNABLE TO DETERMINE;2;NO INDICATION OF INJURY;0.0;0.0;0.0;0.0;0.0;2.0;10;5;4
01/12/2021 12:45:00 PM;STOP SIGN/FLASHER;CLEAR;DAYLIGHT;TURNING;FOUR WAY;STRAIGHT AND LEVEL;DRY;NO DEFECTS;INJURY AND / OR TOW DUE TO CRASH;Y;$501 - $1,500;IMPROPER LANE USAGE;2;REPORTED, NOT EVIDENT;1.0;0.0;0.0;0.0;1.0;1.0;12;3;1
05/08/2018 02:42:00 PM;TRAFFIC SIGNAL;CLEAR;DAYLIGHT;TURNING;ONE-WAY;STRAIGHT AND LEVEL;DRY;NO DEFECTS;NO INJURY / DRIVE AWAY;Y;$500 OR LESS;UNABLE TO DETERMINE;2;NO INDICATION OF INJURY;0.0;0.0;0.0;0.0;0.0;2.0;14;3;5
05/10/2016 04:30:00 PM;TRAFFIC SIGNAL;CLEAR;DAYLIGHT;REAR END;DIVIDED - W/MEDIAN BARRIER;STRAIGHT AND LEVEL;WET;NO DEFECTS;NO INJURY / DRIVE AWAY;Y;OVER $1,500;FOLLOWING TOO CLOSELY;2;NO INDICATION OF INJURY;0.0;0.0;0.0;0.0;0.0;5.0;16;3;5
03/08/2019 03:30:00 PM;TRAFFIC SIGNAL;CLEAR;DAYLIGHT;REAR END;DIVIDED - W/MEDIAN (NOT RAISED);STRAIGHT AND LEVEL;DRY;NO DEFECTS;NO INJURY / DRIVE AWAY;Y;OVER $1,500;FAILING TO REDUCE SPEED TO AVOID CRASH;3;NO INDICATION OF INJURY;0.0;0.0;0.0;0.0;0.0;3.0;15;6;3
11/17/2021 05:00:00 PM;TRAFFIC SIGNAL;RAIN;UNKNOWN;TURNING;NOT DIVIDED;STRAIGHT AND LEVEL;WET;UNKNOWN;NO INJURY / DRIVE AWAY;Y;OVER $1,500;TURNING RIGHT ON RED;2;NO INDICATION OF INJURY;0.0;0.0;0.0;0.0;0.0;2.0;17;4;11
08/04/2021 03:40:00 PM;NO CONTROLS;CLEAR;DAYLIGHT;REAR END;T-INTERSECTION;STRAIGHT AND LEVEL;DRY;NO DEFECTS;INJURY AND / OR TOW DUE TO CRASH;Y;OVER $1,500;FOLLOWING TOO CLOSELY;3;INCAPACITATING INJURY;3.0;0.0;3.0;0.0;0.0;2.0;15;4;8
04/09/2018 09:20:00 AM;TRAFFIC SIGNAL;SNOW;DAYLIGHT;SIDESWIPE SAME DIRECTION;NOT DIVIDED;STRAIGHT AND LEVEL;WET;NO DEFECTS;NO INJURY / DRIVE AWAY;Y;OVER $1,500;IMPROPER LANE USAGE;2;NO INDICATION OF INJURY;0.0;0.0;0.0;0.0;0.0;2.0;9;2;4
10/01/2017 08:37:00 PM;TRAFFIC SIGNAL;CLEAR;DARKNESS, LIGHTED ROAD;TURNING;DIVIDED - W/MEDIAN BARRIER;STRAIGHT AND LEVEL;DRY;NO DEFECTS;INJURY AND / OR TOW DUE TO CRASH;Y;OVER $1,500;FAILING TO REDUCE SPEED TO AVOID CRASH;2;NO INDICATION OF INJURY;0.0;0.0;0.0;0.0;0.0;3.0;20;1;10
12/27/2018 09:13:00 PM;NO CONTROLS;RAIN;DARKNESS;TURNING;NOT DIVIDED;STRAIGHT AND LEVEL;WET;NO DEFECTS;NO INJURY / DRIVE AWAY;Y;OVER $1,500;FAILING TO YIELD RIGHT-OF-WAY;2;NO INDICATION OF INJURY;0.0;0.0;0.0;0.0;0.0;3.0;21;5;12
04/12/2023 01:30:00 PM;STOP SIGN/FLASHER;CLEAR;DAYLIGHT;TURNING;NOT DIVIDED;STRAIGHT AND LEVEL;DRY;NO DEFECTS;INJURY AND / OR TOW DUE TO CRASH;Y;$500 OR LESS;DRIVING SKILLS/KNOWLEDGE/EXPERIENCE;2;REPORTED, NOT EVIDENT;1.0;0.0;0.0;0.0;1.0;1.0;13;4;4
11/17/2016 02:10:00 PM;TRAFFIC SIGNAL;CLEAR;DAYLIGHT;REAR END;NOT DIVIDED;STRAIGHT AND LEVEL;DRY;UNKNOWN;NO INJURY / DRIVE AWAY;Y;$501 - $1,500;UNABLE TO DETERMINE;2;NO INDICATION OF INJURY;0.0;0.0;0.0;0.0;0.0;3.0;14;5;11
05/16/2022 09:30:00 AM;TRAFFIC SIGNAL;CLEAR;DAYLIGHT;PARKED MOTOR VEHICLE;NOT DIVIDED;STRAIGHT AND LEVEL;DRY;NO DEFECTS;NO INJURY / DRIVE AWAY;Y;OVER $1,500;IMPROPER TURNING/NO SIGNAL;2;NO INDICATION OF INJURY;0.0;0.0;0.0;0.0;0.0;1.0;9;2;5
05/06/2020 01:12:00 PM;TRAFFIC SIGNAL;CLEAR;DAYLIGHT;TURNING;DIVIDED - W/MEDIAN (NOT RAISED);STRAIGHT AND LEVEL;DRY;NO DEFECTS;INJURY AND / OR TOW DUE TO CRASH;Y;OVER $1,500;UNABLE TO DETERMINE;2;REPORTED, NOT EVIDENT;1.0;0.0;0.0;0.0;1.0;1.0;13;4;5
01/30/2017 07:45:00 AM;TRAFFIC SIGNAL;CLEAR;DAYLIGHT;SIDESWIPE SAME DIRECTION;NOT DIVIDED;STRAIGHT AND LEVEL;DRY;NO DEFECTS;NO INJURY / DRIVE AWAY;Y;$500 OR LESS;FAILING TO YIELD RIGHT-OF-WAY;2;NO INDICATION OF INJURY;0.0;0.0;0.0;0.0;0.0;2.0;7;2;1
05/16/2018 01:33:00 AM;TRAFFIC SIGNAL;CLEAR;DARKNESS, LIGHTED ROAD;ANGLE;DIVIDED - W/MEDIAN BARRIER;STRAIGHT AND LEVEL;DRY;NO DEFECTS;INJURY AND / OR TOW DUE TO CRASH;Y;OVER $1,500;DISREGARDING TRAFFIC SIGNALS;2;NONINCAPACITATING INJURY;2.0;0.0;0.0;2.0;0.0;2.0;1;4;5
07/09/2022 01:35:00 PM;TRAFFIC SIGNAL;CLEAR;DAYLIGHT;REAR END;FOUR WAY;STRAIGHT AND LEVEL;UNKNOWN;UNKNOWN;NO INJURY / DRIVE AWAY;Y;OVER $1,500;UNABLE TO DETERMINE;2;NO INDICATION OF INJURY;0.0;0.0;0.0;0.0;0.0;7.0;13;7;7
06/17/2017 06:40:00 PM;TRAFFIC SIGNAL;CLEAR;DAYLIGHT;TURNING;NOT DIVIDED;STRAIGHT AND LEVEL;DRY;UNKNOWN;NO INJURY / DRIVE AWAY;Y;OVER $1,500;UNABLE TO DETERMINE;2;NO INDICATION OF INJURY;0.0;0.0;0.0;0.0;0.0;2.0;18;7;6
12/17/2022 07:20:00 PM;TRAFFIC SIGNAL;CLEAR;DARKNESS, LIGHTED ROAD;SIDESWIPE SAME DIRECTION;FOUR WAY;STRAIGHT AND LEVEL;DRY;NO DEFECTS;NO INJURY / DRIVE AWAY;Y;OVER $1,500;UNABLE TO DETERMINE;2;NO INDICATION OF INJURY;0.0;0.0;0.0;0.0;0.0;3.0;19;7;12
07/22/2022 05:00:00 PM;TRAFFIC SIGNAL;CLEAR;DAYLIGHT;SIDESWIPE SAME DIRECTION;DIVIDED - W/MEDIAN (NOT RAISED);STRAIGHT AND LEVEL;DRY;NO DEFECTS;NO INJURY / DRIVE AWAY;Y;OVER $1,500;FAILING TO YIELD RIGHT-OF-WAY;2;NO INDICATION OF INJURY;0.0;0.0;0.0;0.0;0.0;7.0;17;6;7
10/17/2022 11:01:00 AM;TRAFFIC SIGNAL;CLEAR;DAYLIGHT;ANGLE;DIVIDED - W/MEDIAN BARRIER;STRAIGHT AND LEVEL;DRY;NO DEFECTS;NO INJURY / DRIVE AWAY;Y;OVER $1,500;FAILING TO YIELD RIGHT-OF-WAY;2;NO INDICATION OF INJURY;0.0;0.0;0.0;0.0;0.0;3.0;11;2;10
12/28/2020 11:40:00 AM;TRAFFIC SIGNAL;CLEAR;DAYLIGHT;SIDESWIPE SAME DIRECTION;FOUR WAY;STRAIGHT AND LEVEL;DRY;NO DEFECTS;NO INJURY / DRIVE AWAY;Y;OVER $1,500;IMPROPER TURNING/NO SIGNAL;2;NO INDICATION OF INJURY;0.0;0.0;0.0;0.0;0.0;2.0;11;2;12
12/05/2017 09:49:00 PM;TRAFFIC SIGNAL;CLEAR;DUSK;REAR END;DIVIDED - W/MEDIAN BARRIER;STRAIGHT AND LEVEL;DRY;NO DEFECTS;INJURY AND / OR TOW DUE TO CRASH;N;OVER $1,500;UNABLE TO DETERMINE;3;NO INDICATION OF INJURY;0.0;0.0;0.0;0.0;0.0;3.0;21;3;12
06/26/2019 05:40:00 PM;NO CONTROLS;CLEAR;DAYLIGHT;TURNING;NOT DIVIDED;STRAIGHT AND LEVEL;DRY;NO DEFECTS;NO INJURY / DRIVE AWAY;N;OVER $1,500;FAILING TO YIELD RIGHT-OF-WAY;2;NO INDICATION OF INJURY;0.0;0.0;0.0;0.0;0.0;2.0;17;4;6
03/31/2023 10:30:00 AM;TRAFFIC SIGNAL;RAIN;DAYLIGHT;SIDESWIPE SAME DIRECTION;DIVIDED - W/MEDIAN (NOT RAISED);STRAIGHT AND LEVEL;DRY;NO DEFECTS;NO INJURY / DRIVE AWAY;Y;$501 - $1,500;UNABLE TO DETERMINE;2;NO INDICATION OF INJURY;0.0;0.0;0.0;0.0;0.0;2.0;10;6;3
12/09/2022 04:35:00 PM;TRAFFIC SIGNAL;RAIN;DARKNESS, LIGHTED ROAD;PEDESTRIAN;FOUR WAY;STRAIGHT AND LEVEL;UNKNOWN;UNKNOWN;INJURY AND / OR TOW DUE TO CRASH;Y;OVER $1,500;FAILING TO YIELD RIGHT-OF-WAY;2;NONINCAPACITATING INJURY;1.0;0.0;0.0;1.0;0.0;1.0;16;6;12
04/01/2021 06:30:00 PM;TRAFFIC SIGNAL;CLEAR;DAYLIGHT;REAR END;FOUR WAY;STRAIGHT AND LEVEL;DRY;NO DEFECTS;NO INJURY / DRIVE AWAY;Y;$501 - $1,500;FOLLOWING TOO CLOSELY;2;NO INDICATION OF INJURY;0.0;0.0;0.0;0.0;0.0;3.0;18;5;4
08/18/2018 01:40:00 PM;TRAFFIC SIGNAL;CLEAR;DAWN;TURNING;NOT DIVIDED;STRAIGHT AND LEVEL;DRY;UNKNOWN;INJURY AND / OR TOW DUE TO CRASH;Y;OVER $1,500;DISREGARDING TRAFFIC SIGNALS;2;NONINCAPACITATING INJURY;1.0;0.0;0.0;1.0;0.0;1.0;13;7;8
09/27/2021 01:23:00 AM;TRAFFIC SIGNAL;CLEAR;DARKNESS, LIGHTED ROAD;TURNING;FOUR WAY;STRAIGHT AND LEVEL;DRY;NO DEFECTS;INJURY AND / OR TOW DUE TO CRASH;Y;OVER $1,500;DISREGARDING OTHER TRAFFIC SIGNS;2;REPORTED, NOT EVIDENT;2.0;0.0;0.0;0.0;2.0;1.0;1;2;9
08/28/2022 01:50:00 PM;TRAFFIC SIGNAL;CLEAR;DAYLIGHT;TURNING;FOUR WAY;STRAIGHT AND LEVEL;DRY;NO DEFECTS;NO INJURY / DRIVE AWAY;Y;OVER $1,500;DRIVING SKILLS/KNOWLEDGE/EXPERIENCE;2;NO INDICATION OF INJURY;0.0;0.0;0.0;0.0;0.0;2.0;13;1;8
07/30/2020 04:10:00 PM;STOP SIGN/FLASHER;CLEAR;DAYLIGHT;TURNING;ONE-WAY;STRAIGHT AND LEVEL;DRY;NO DEFECTS;NO INJURY / DRIVE AWAY;Y;OVER $1,500;IMPROPER OVERTAKING/PASSING;2;NO INDICATION OF INJURY;0.0;0.0;0.0;0.0;0.0;2.0;16;5;7
08/10/2020 10:00:00 AM;TRAFFIC SIGNAL;CLEAR;DAYLIGHT;ANGLE;FOUR WAY;STRAIGHT AND LEVEL;DRY;NO DEFECTS;INJURY AND / OR TOW DUE TO CRASH;Y;$500 OR LESS;DISREGARDING TRAFFIC SIGNALS;2;REPORTED, NOT EVIDENT;1.0;0.0;0.0;0.0;1.0;1.0;10;2;8
07/29/2021 05:25:00 AM;TRAFFIC SIGNAL;CLEAR;DARKNESS, LIGHTED ROAD;ANGLE;FIVE POINT, OR MORE;STRAIGHT AND LEVEL;DRY;NO DEFECTS;INJURY AND / OR TOW DUE TO CRASH;Y;OVER $1,500;DISREGARDING TRAFFIC SIGNALS;2;NONINCAPACITATING INJURY;3.0;0.0;0.0;2.0;1.0;0.0;5;5;7
08/10/2022 05:45:00 PM;STOP SIGN/FLASHER;CLEAR;DAYLIGHT;REAR END;NOT DIVIDED;STRAIGHT AND LEVEL;UNKNOWN;UNKNOWN;INJURY AND / OR TOW DUE TO CRASH;Y;OVER $1,500;FOLLOWING TOO CLOSELY;3;REPORTED, NOT EVIDENT;1.0;0.0;0.0;0.0;1.0;2.0;17;4;8
08/02/2021 09:00:00 AM;NO CONTROLS;UNKNOWN;UNKNOWN;SIDESWIPE SAME DIRECTION;NOT DIVIDED;STRAIGHT AND LEVEL;UNKNOWN;UNKNOWN;NO INJURY / DRIVE AWAY;Y;OVER $1,500;UNABLE TO DETERMINE;2;NO INDICATION OF INJURY;0.0;0.0;0.0;0.0;0.0;2.0;9;2;8
08/21/2020 10:15:00 AM;TRAFFIC SIGNAL;CLEAR;DAYLIGHT;TURNING;DIVIDED - W/MEDIAN (NOT RAISED);STRAIGHT AND LEVEL;DRY;NO DEFECTS;NO INJURY / DRIVE AWAY;Y;OVER $1,500;DRIVING SKILLS/KNOWLEDGE/EXPERIENCE;2;NO INDICATION OF INJURY;0.0;0.0;0.0;0.0;0.0;2.0;10;6;8
01/13/2022 11:04:00 PM;TRAFFIC SIGNAL;CLEAR;DARKNESS, LIGHTED ROAD;ANGLE;NOT DIVIDED;STRAIGHT AND LEVEL;WET;UNKNOWN;INJURY AND / OR TOW DUE TO CRASH;Y;OVER $1,500;DISREGARDING TRAFFIC SIGNALS;2;NONINCAPACITATING INJURY;1.0;0.0;0.0;1.0;0.0;3.0;23;5;1
12/15/2017 05:00:00 PM;TRAFFIC SIGNAL;CLEAR;DUSK;FIXED OBJECT;DIVIDED - W/MEDIAN BARRIER;STRAIGHT AND LEVEL;DRY;NO DEFECTS;INJURY AND / OR TOW DUE TO CRASH;Y;OVER $1,500;IMPROPER TURNING/NO SIGNAL;1;NO INDICATION OF INJURY;0.0;0.0;0.0;0.0;0.0;1.0;17;6;12
09/29/2019 10:23:00 PM;NO CONTROLS;CLOUDY/OVERCAST;DARKNESS, LIGHTED ROAD;REAR TO FRONT;ONE-WAY;STRAIGHT AND LEVEL;WET;NO DEFECTS;NO INJURY / DRIVE AWAY;Y;$501 - $1,500;IMPROPER BACKING;2;NO INDICATION OF INJURY;0.0;0.0;0.0;0.0;0.0;3.0;22;1;9
08/31/2019 10:06:00 PM;STOP SIGN/FLASHER;RAIN;DARKNESS, LIGHTED ROAD;PEDALCYCLIST;ONE-WAY;STRAIGHT AND LEVEL;WET;NO DEFECTS;INJURY AND / OR TOW DUE TO CRASH;Y;$500 OR LESS;FAILING TO REDUCE SPEED TO AVOID CRASH;2;NONINCAPACITATING INJURY;1.0;0.0;0.0;1.0;0.0;1.0;22;7;8
11/02/2018 03:25:00 PM;NO CONTROLS;CLEAR;DAYLIGHT;REAR END;DIVIDED - W/MEDIAN BARRIER;STRAIGHT AND LEVEL;DRY;NO DEFECTS;INJURY AND / OR TOW DUE TO CRASH;Y;OVER $1,500;FAILING TO REDUCE SPEED TO AVOID CRASH;2;NO INDICATION OF INJURY;0.0;0.0;0.0;0.0;0.0;2.0;15;6;11
08/26/2019 05:15:00 PM;TRAFFIC SIGNAL;CLOUDY/OVERCAST;DAYLIGHT;ANGLE;NOT DIVIDED;STRAIGHT AND LEVEL;WET;NO DEFECTS;INJURY AND / OR TOW DUE TO CRASH;Y;$501 - $1,500;UNABLE TO DETERMINE;2;NO INDICATION OF INJURY;0.0;0.0;0.0;0.0;0.0;2.0;17;2;8
06/05/2021 11:00:00 PM;TRAFFIC SIGNAL;CLEAR;DARKNESS;ANGLE;FOUR WAY;STRAIGHT AND LEVEL;DRY;NO DEFECTS;INJURY AND / OR TOW DUE TO CRASH;Y;OVER $1,500;UNABLE TO DETERMINE;2;NO INDICATION OF INJURY;0.0;0.0;0.0;0.0;0.0;3.0;23;7;6
07/14/2021 04:20:00 AM;NO CONTROLS;CLEAR;DAWN;OTHER NONCOLLISION;NOT DIVIDED;STRAIGHT AND LEVEL;DRY;NO DEFECTS;INJURY AND / OR TOW DUE TO CRASH;Y;$501 - $1,500;FAILING TO YIELD RIGHT-OF-WAY;2;NO INDICATION OF INJURY;0.0;0.0;0.0;0.0;0.0;2.0;4;4;7
10/03/2020 11:18:00 PM;TRAFFIC SIGNAL;RAIN;DARKNESS, LIGHTED ROAD;TURNING;DIVIDED - W/MEDIAN (NOT RAISED);STRAIGHT AND LEVEL;WET;NO DEFECTS;NO INJURY / DRIVE AWAY;Y;OVER $1,500;UNABLE TO DETERMINE;2;NO INDICATION OF INJURY;0.0;0.0;0.0;0.0;0.0;2.0;23;7;10
05/31/2023 12:22:00 PM;TRAFFIC SIGNAL;CLEAR;DAYLIGHT;TURNING;DIVIDED - W/MEDIAN BARRIER;STRAIGHT AND LEVEL;DRY;NO DEFECTS;INJURY AND / OR TOW DUE TO CRASH;Y;OVER $1,500;FAILING TO YIELD RIGHT-OF-WAY;2;NONINCAPACITATING INJURY;1.0;0.0;0.0;1.0;0.0;1.0;12;4;5
09/22/2019 11:30:00 PM;UNKNOWN;UNKNOWN;DAWN;TURNING;DIVIDED - W/MEDIAN (NOT RAISED);STRAIGHT AND LEVEL;WET;UNKNOWN;NO INJURY / DRIVE AWAY;N;OVER $1,500;IMPROPER TURNING/NO SIGNAL;2;NO INDICATION OF INJURY;0.0;0.0;0.0;0.0;0.0;2.0;23;1;9
06/30/2016 10:38:00 AM;UNKNOWN;CLEAR;DAYLIGHT;PEDESTRIAN;NOT DIVIDED;STRAIGHT AND LEVEL;DRY;UNKNOWN;INJURY AND / OR TOW DUE TO CRASH;Y;OVER $1,500;FAILING TO REDUCE SPEED TO AVOID CRASH;2;NONINCAPACITATING INJURY;1.0;0.0;0.0;1.0;0.0;1.0;10;5;6
08/09/2019 09:00:00 AM;TRAFFIC SIGNAL;CLEAR;DAYLIGHT;TURNING;DIVIDED - W/MEDIAN (NOT RAISED);STRAIGHT AND LEVEL;DRY;NO DEFECTS;NO INJURY / DRIVE AWAY;Y;OVER $1,500;UNABLE TO DETERMINE;2;NO INDICATION OF INJURY;0.0;0.0;0.0;0.0;0.0;3.0;9;6;8
11/24/2019 08:40:00 AM;NO CONTROLS;CLEAR;DAYLIGHT;TURNING;NOT DIVIDED;STRAIGHT AND LEVEL;DRY;NO DEFECTS;INJURY AND / OR TOW DUE TO CRASH;Y;OVER $1,500;FAILING TO YIELD RIGHT-OF-WAY;2;NO INDICATION OF INJURY;0.0;0.0;0.0;0.0;0.0;2.0;8;1;11
01/01/2022 05:00:00 PM;TRAFFIC SIGNAL;CLEAR;DARKNESS, LIGHTED ROAD;REAR END;T-INTERSECTION;STRAIGHT AND LEVEL;UNKNOWN;UNKNOWN;NO INJURY / DRIVE AWAY;Y;OVER $1,500;UNABLE TO DETERMINE;2;NO INDICATION OF INJURY;0.0;0.0;0.0;0.0;0.0;3.0;17;7;1
07/31/2021 04:49:00 PM;TRAFFIC SIGNAL;CLEAR;DAYLIGHT;REAR END;FOUR WAY;STRAIGHT AND LEVEL;DRY;NO DEFECTS;NO INJURY / DRIVE AWAY;Y;$501 - $1,500;FOLLOWING TOO CLOSELY;2;NO INDICATION OF INJURY;0.0;0.0;0.0;0.0;0.0;5.0;16;7;7
12/24/2022 11:18:00 AM;TRAFFIC SIGNAL;CLEAR;DAYLIGHT;ANGLE;NOT DIVIDED;STRAIGHT AND LEVEL;WET;NO DEFECTS;INJURY AND / OR TOW DUE TO CRASH;Y;OVER $1,500;UNABLE TO DETERMINE;2;NONINCAPACITATING INJURY;1.0;0.0;0.0;1.0;0.0;1.0;11;7;12
02/11/2022 06:50:00 AM;TRAFFIC SIGNAL;CLEAR;DAYLIGHT;SIDESWIPE SAME DIRECTION;NOT DIVIDED;STRAIGHT AND LEVEL;WET;NO DEFECTS;NO INJURY / DRIVE AWAY;Y;$501 - $1,500;IMPROPER OVERTAKING/PASSING;2;NO INDICATION OF INJURY;0.0;0.0;0.0;0.0;0.0;3.0;6;6;2
03/01/2019 10:00:00 PM;UNKNOWN;UNKNOWN;UNKNOWN;REAR END;DIVIDED - W/MEDIAN (NOT RAISED);STRAIGHT AND LEVEL;UNKNOWN;UNKNOWN;NO INJURY / DRIVE AWAY;Y;OVER $1,500;UNABLE TO DETERMINE;2;NO INDICATION OF INJURY;0.0;0.0;0.0;0.0;0.0;2.0;22;6;3
06/18/2023 03:00:00 PM;TRAFFIC SIGNAL;CLEAR;DAYLIGHT;REAR END;NOT DIVIDED;STRAIGHT AND LEVEL;UNKNOWN;UNKNOWN;INJURY AND / OR TOW DUE TO CRASH;Y;OVER $1,500;UNABLE TO DETERMINE;2;REPORTED, NOT EVIDENT;2.0;0.0;0.0;0.0;2.0;1.0;15;1;6
05/12/2022 11:30:00 AM;TRAFFIC SIGNAL;CLEAR;DAYLIGHT;PEDESTRIAN;FOUR WAY;STRAIGHT AND LEVEL;DRY;NO DEFECTS;INJURY AND / OR TOW DUE TO CRASH;Y;$500 OR LESS;UNABLE TO DETERMINE;2;NONINCAPACITATING INJURY;1.0;0.0;0.0;1.0;0.0;1.0;11;5;5
05/26/2022 11:45:00 AM;TRAFFIC SIGNAL;CLEAR;DAYLIGHT;REAR END;ONE-WAY;STRAIGHT AND LEVEL;DRY;NO DEFECTS;NO INJURY / DRIVE AWAY;Y;OVER $1,500;FOLLOWING TOO CLOSELY;2;NO INDICATION OF INJURY;0.0;0.0;0.0;0.0;0.0;2.0;11;5;5
10/10/2019 06:00:00 PM;TRAFFIC SIGNAL;CLEAR;DUSK;TURNING;NOT DIVIDED;STRAIGHT AND LEVEL;UNKNOWN;UNKNOWN;NO INJURY / DRIVE AWAY;Y;$501 - $1,500;IMPROPER TURNING/NO SIGNAL;2;NO INDICATION OF INJURY;0.0;0.0;0.0;0.0;0.0;2.0;18;5;10
07/19/2018 08:54:00 AM;TRAFFIC SIGNAL;CLEAR;DAYLIGHT;TURNING;DIVIDED - W/MEDIAN BARRIER;STRAIGHT AND LEVEL;DRY;NO DEFECTS;INJURY AND / OR TOW DUE TO CRASH;Y;OVER $1,500;FAILING TO REDUCE SPEED TO AVOID CRASH;2;NO INDICATION OF INJURY;0.0;0.0;0.0;0.0;0.0;2.0;8;5;7
06/13/2018 12:25:00 AM;YIELD;CLEAR;DARKNESS, LIGHTED ROAD;ANGLE;ONE-WAY;STRAIGHT AND LEVEL;DRY;NO DEFECTS;INJURY AND / OR TOW DUE TO CRASH;Y;OVER $1,500;DISREGARDING TRAFFIC SIGNALS;2;NO INDICATION OF INJURY;0.0;0.0;0.0;0.0;0.0;8.0;0;4;6
08/23/2018 01:30:00 PM;STOP SIGN/FLASHER;CLEAR;DAYLIGHT;ANGLE;DIVIDED - W/MEDIAN BARRIER;STRAIGHT AND LEVEL;DRY;NO DEFECTS;INJURY AND / OR TOW DUE TO CRASH;Y;OVER $1,500;FAILING TO YIELD RIGHT-OF-WAY;2;NONINCAPACITATING INJURY;2.0;0.0;0.0;2.0;0.0;1.0;13;5;8
06/13/2023 02:13:00 PM;TRAFFIC SIGNAL;RAIN;UNKNOWN;PEDALCYCLIST;UNKNOWN INTERSECTION TYPE;STRAIGHT AND LEVEL;UNKNOWN;UNKNOWN;INJURY AND / OR TOW DUE TO CRASH;Y;OVER $1,500;UNABLE TO DETERMINE;2;NONINCAPACITATING INJURY;1.0;0.0;0.0;1.0;0.0;1.0;14;3;6
04/02/2021 12:30:00 PM;TRAFFIC SIGNAL;CLEAR;DAYLIGHT;TURNING;TRAFFIC ROUTE;STRAIGHT AND LEVEL;DRY;NO DEFECTS;NO INJURY / DRIVE AWAY;Y;OVER $1,500;UNABLE TO DETERMINE;2;NO INDICATION OF INJURY;0.0;0.0;0.0;0.0;0.0;5.0;12;6;4
07/06/2021 10:35:00 PM;NO CONTROLS;CLEAR;DARKNESS;ANGLE;NOT DIVIDED;STRAIGHT AND LEVEL;DRY;NO DEFECTS;NO INJURY / DRIVE AWAY;Y;$501 - $1,500;UNABLE TO DETERMINE;2;NO INDICATION OF INJURY;0.0;0.0;0.0;0.0;0.0;2.0;22;3;7
05/30/2017 04:00:00 PM;TRAFFIC SIGNAL;CLEAR;DAYLIGHT;REAR END;NOT DIVIDED;STRAIGHT AND LEVEL;DRY;NO DEFECTS;NO INJURY / DRIVE AWAY;Y;OVER $1,500;FOLLOWING TOO CLOSELY;2;NO INDICATION OF INJURY;0.0;0.0;0.0;0.0;0.0;4.0;16;3;5
06/26/2023 03:20:00 PM;NO CONTROLS;CLEAR;DAYLIGHT;ANGLE;FOUR WAY;STRAIGHT AND LEVEL;DRY;NO DEFECTS;INJURY AND / OR TOW DUE TO CRASH;Y;OVER $1,500;OPERATING VEHICLE IN ERRATIC, RECKLESS, CARELESS, NEGLIGENT OR AGGRESSIVE MANNER;2;NONINCAPACITATING INJURY;1.0;0.0;0.0;1.0;0.0;1.0;15;2;6
04/12/2019 10:04:00 AM;TRAFFIC SIGNAL;CLEAR;DAYLIGHT;TURNING;DIVIDED - W/MEDIAN (NOT RAISED);STRAIGHT AND LEVEL;DRY;NO DEFECTS;NO INJURY / DRIVE AWAY;Y;OVER $1,500;UNABLE TO DETERMINE;2;NO INDICATION OF INJURY;0.0;0.0;0.0;0.0;0.0;3.0;10;6;4
05/08/2022 10:50:00 PM;TRAFFIC SIGNAL;CLEAR;DARKNESS, LIGHTED ROAD;TURNING;NOT DIVIDED;STRAIGHT AND LEVEL;DRY;NO DEFECTS;NO INJURY / DRIVE AWAY;N;$501 - $1,500;IMPROPER LANE USAGE;2;NO INDICATION OF INJURY;0.0;0.0;0.0;0.0;0.0;2.0;22;1;5
06/08/2019 02:30:00 PM;TRAFFIC SIGNAL;CLEAR;DAYLIGHT;REAR END;NOT DIVIDED;STRAIGHT AND LEVEL;UNKNOWN;UNKNOWN;INJURY AND / OR TOW DUE TO CRASH;Y;OVER $1,500;UNABLE TO DETERMINE;3;NONINCAPACITATING INJURY;2.0;0.0;0.0;2.0;0.0;2.0;14;7;6
10/21/2015 02:09:00 PM;TRAFFIC SIGNAL;CLEAR;DAYLIGHT;REAR END;NOT DIVIDED;STRAIGHT AND LEVEL;DRY;NO DEFECTS;NO INJURY / DRIVE AWAY;Y;OVER $1,500;FOLLOWING TOO CLOSELY;2;NO INDICATION OF INJURY;0.0;0.0;0.0;0.0;0.0;2.0;14;4;10
09/20/2018 05:00:00 PM;STOP SIGN/FLASHER;CLEAR;DAYLIGHT;TURNING;NOT DIVIDED;STRAIGHT AND LEVEL;DRY;NO DEFECTS;NO INJURY / DRIVE AWAY;Y;OVER $1,500;FAILING TO YIELD RIGHT-OF-WAY;2;NO INDICATION OF INJURY;0.0;0.0;0.0;0.0;0.0;2.0;17;5;9
07/07/2019 06:22:00 PM;NO CONTROLS;CLEAR;DAYLIGHT;TURNING;CENTER TURN LANE;STRAIGHT AND LEVEL;DRY;NO DEFECTS;INJURY AND / OR TOW DUE TO CRASH;Y;OVER $1,500;FAILING TO YIELD RIGHT-OF-WAY;2;REPORTED, NOT EVIDENT;2.0;0.0;0.0;0.0;2.0;0.0;18;1;7
06/10/2019 01:15:00 PM;TRAFFIC SIGNAL;CLEAR;DAYLIGHT;REAR END;NOT DIVIDED;STRAIGHT AND LEVEL;DRY;NO DEFECTS;NO INJURY / DRIVE AWAY;Y;OVER $1,500;UNABLE TO DETERMINE;2;NO INDICATION OF INJURY;0.0;0.0;0.0;0.0;0.0;2.0;13;2;6
07/26/2018 01:00:00 PM;NO CONTROLS;CLEAR;DAYLIGHT;SIDESWIPE SAME DIRECTION;DIVIDED - W/MEDIAN BARRIER;STRAIGHT AND LEVEL;DRY;UNKNOWN;NO INJURY / DRIVE AWAY;N;OVER $1,500;IMPROPER LANE USAGE;2;NO INDICATION OF INJURY;0.0;0.0;0.0;0.0;0.0;2.0;13;5;7
03/19/2023 09:44:00 PM;NO CONTROLS;CLEAR;DARKNESS, LIGHTED ROAD;FIXED OBJECT;DIVIDED - W/MEDIAN BARRIER;STRAIGHT AND LEVEL;DRY;NO DEFECTS;INJURY AND / OR TOW DUE TO CRASH;Y;OVER $1,500;UNABLE TO DETERMINE;1;NO INDICATION OF INJURY;0.0;0.0;0.0;0.0;0.0;1.0;21;1;3
04/11/2018 11:35:00 AM;STOP SIGN/FLASHER;CLEAR;DAYLIGHT;TURNING;DIVIDED - W/MEDIAN (NOT RAISED);STRAIGHT AND LEVEL;DRY;NO DEFECTS;NO INJURY / DRIVE AWAY;Y;OVER $1,500;FAILING TO YIELD RIGHT-OF-WAY;2;NO INDICATION OF INJURY;0.0;0.0;0.0;0.0;0.0;3.0;11;4;4
03/29/2021 02:26:00 PM;TRAFFIC SIGNAL;CLEAR;DAYLIGHT;ANGLE;DIVIDED - W/MEDIAN BARRIER;STRAIGHT AND LEVEL;DRY;NO DEFECTS;INJURY AND / OR TOW DUE TO CRASH;Y;OVER $1,500;UNABLE TO DETERMINE;2;REPORTED, NOT EVIDENT;2.0;0.0;0.0;0.0;2.0;2.0;14;2;3
06/22/2018 05:02:00 PM;NO CONTROLS;CLEAR;DAYLIGHT;TURNING;DIVIDED - W/MEDIAN (NOT RAISED);STRAIGHT AND LEVEL;DRY;NO DEFECTS;INJURY AND / OR TOW DUE TO CRASH;Y;OVER $1,500;VISION OBSCURED (SIGNS, TREE LIMBS, BUILDINGS, ETC.);2;NO INDICATION OF INJURY;0.0;0.0;0.0;0.0;0.0;2.0;17;6;6
02/03/2019 07:50:00 AM;TRAFFIC SIGNAL;CLOUDY/OVERCAST;DAYLIGHT;ANGLE;NOT DIVIDED;STRAIGHT AND LEVEL;DRY;NO DEFECTS;INJURY AND / OR TOW DUE TO CRASH;Y;OVER $1,500;DISREGARDING TRAFFIC SIGNALS;2;NONINCAPACITATING INJURY;2.0;0.0;0.0;2.0;0.0;0.0;7;1;2
12/28/2020 04:00:00 PM;TRAFFIC SIGNAL;CLEAR;DAYLIGHT;ANGLE;FOUR WAY;STRAIGHT AND LEVEL;DRY;NO DEFECTS;INJURY AND / OR TOW DUE TO CRASH;Y;OVER $1,500;DISREGARDING TRAFFIC SIGNALS;2;NO INDICATION OF INJURY;0.0;0.0;0.0;0.0;0.0;3.0;16;2;12
01/21/2020 06:20:00 PM;STOP SIGN/FLASHER;CLEAR;DARKNESS, LIGHTED ROAD;ANGLE;FOUR WAY;STRAIGHT AND LEVEL;DRY;NO DEFECTS;NO INJURY / DRIVE AWAY;Y;OVER $1,500;NOT APPLICABLE;2;NO INDICATION OF INJURY;0.0;0.0;0.0;0.0;0.0;5.0;18;3;1
06/28/2018 02:00:00 PM;TRAFFIC SIGNAL;CLEAR;DAYLIGHT;ANGLE;NOT DIVIDED;STRAIGHT AND LEVEL;DRY;NO DEFECTS;NO INJURY / DRIVE AWAY;Y;OVER $1,500;NOT APPLICABLE;2;NO INDICATION OF INJURY;0.0;0.0;0.0;0.0;0.0;2.0;14;5;6
01/09/2019 07:20:00 AM;STOP SIGN/FLASHER;CLEAR;DAYLIGHT;TURNING;DIVIDED - W/MEDIAN BARRIER;STRAIGHT AND LEVEL;DRY;NO DEFECTS;NO INJURY / DRIVE AWAY;Y;$501 - $1,500;IMPROPER TURNING/NO SIGNAL;2;NO INDICATION OF INJURY;0.0;0.0;0.0;0.0;0.0;2.0;7;4;1
11/13/2022 11:45:00 PM;TRAFFIC SIGNAL;CLEAR;DARKNESS, LIGHTED ROAD;ANGLE;FOUR WAY;STRAIGHT AND LEVEL;DRY;NO DEFECTS;INJURY AND / OR TOW DUE TO CRASH;Y;OVER $1,500;FAILING TO YIELD RIGHT-OF-WAY;2;NO INDICATION OF INJURY;0.0;0.0;0.0;0.0;0.0;2.0;23;1;11
11/21/2019 07:40:00 AM;TRAFFIC SIGNAL;RAIN;DAYLIGHT;ANGLE;FOUR WAY;STRAIGHT AND LEVEL;WET;NO DEFECTS;INJURY AND / OR TOW DUE TO CRASH;Y;OVER $1,500;DISREGARDING TRAFFIC SIGNALS;2;NONINCAPACITATING INJURY;1.0;0.0;0.0;1.0;0.0;1.0;7;5;11
07/09/2022 11:37:00 PM;TRAFFIC SIGNAL;CLEAR;DARKNESS, LIGHTED ROAD;PEDESTRIAN;L-INTERSECTION;STRAIGHT AND LEVEL;DRY;NO DEFECTS;INJURY AND / OR TOW DUE TO CRASH;Y;$500 OR LESS;FAILING TO YIELD RIGHT-OF-WAY;2;NONINCAPACITATING INJURY;1.0;0.0;0.0;1.0;0.0;1.0;23;7;7
07/13/2020 01:15:00 PM;STOP SIGN/FLASHER;CLEAR;DAYLIGHT;ANGLE;NOT DIVIDED;STRAIGHT AND LEVEL;DRY;NO DEFECTS;INJURY AND / OR TOW DUE TO CRASH;Y;OVER $1,500;UNABLE TO DETERMINE;2;REPORTED, NOT EVIDENT;2.0;0.0;0.0;0.0;2.0;2.0;13;2;7
11/11/2018 02:40:00 AM;TRAFFIC SIGNAL;CLEAR;DARKNESS, LIGHTED ROAD;ANGLE;OTHER;STRAIGHT AND LEVEL;DRY;NO DEFECTS;NO INJURY / DRIVE AWAY;Y;OVER $1,500;DISREGARDING TRAFFIC SIGNALS;2;NO INDICATION OF INJURY;0.0;0.0;0.0;0.0;0.0;2.0;2;1;11
10/20/2022 07:31:00 PM;TRAFFIC SIGNAL;CLEAR;DARKNESS, LIGHTED ROAD;TURNING;FOUR WAY;STRAIGHT AND LEVEL;DRY;NO DEFECTS;INJURY AND / OR TOW DUE TO CRASH;Y;OVER $1,500;UNABLE TO DETERMINE;3;NO INDICATION OF INJURY;0.0;0.0;0.0;0.0;0.0;3.0;19;5;10
03/26/2016 02:45:00 PM;TRAFFIC SIGNAL;CLEAR;DAYLIGHT;TURNING;NOT DIVIDED;STRAIGHT AND LEVEL;DRY;NO DEFECTS;NO INJURY / DRIVE AWAY;Y;OVER $1,500;IMPROPER LANE USAGE;3;NO INDICATION OF INJURY;0.0;0.0;0.0;0.0;0.0;3.0;14;7;3
07/10/2019 10:49:00 AM;TRAFFIC SIGNAL;CLEAR;DAYLIGHT;SIDESWIPE SAME DIRECTION;DIVIDED - W/MEDIAN (NOT RAISED);STRAIGHT AND LEVEL;DRY;NO DEFECTS;NO INJURY / DRIVE AWAY;Y;OVER $1,500;FAILING TO YIELD RIGHT-OF-WAY;2;NO INDICATION OF INJURY;0.0;0.0;0.0;0.0;0.0;3.0;10;4;7
05/14/2018 11:24:00 AM;TRAFFIC SIGNAL;CLOUDY/OVERCAST;DAYLIGHT;ANGLE;DIVIDED - W/MEDIAN (NOT RAISED);STRAIGHT AND LEVEL;WET;NO DEFECTS;NO INJURY / DRIVE AWAY;Y;OVER $1,500;FAILING TO YIELD RIGHT-OF-WAY;2;NO INDICATION OF INJURY;0.0;0.0;0.0;0.0;0.0;3.0;11;2;5
07/27/2022 04:58:00 PM;STOP SIGN/FLASHER;CLEAR;DAYLIGHT;ANGLE;FOUR WAY;STRAIGHT AND LEVEL;DRY;NO DEFECTS;INJURY AND / OR TOW DUE TO CRASH;Y;OVER $1,500;FAILING TO YIELD RIGHT-OF-WAY;2;NONINCAPACITATING INJURY;4.0;0.0;0.0;4.0;0.0;1.0;16;4;7
01/26/2022 07:55:00 AM;TRAFFIC SIGNAL;CLEAR;DAYLIGHT;REAR END;DIVIDED - W/MEDIAN (NOT RAISED);STRAIGHT AND LEVEL;DRY;NO DEFECTS;NO INJURY / DRIVE AWAY;Y;$501 - $1,500;FOLLOWING TOO CLOSELY;2;NO INDICATION OF INJURY;0.0;0.0;0.0;0.0;0.0;2.0;7;4;1
08/07/2018 07:30:00 AM;TRAFFIC SIGNAL;CLEAR;DAYLIGHT;TURNING;DIVIDED - W/MEDIAN (NOT RAISED);STRAIGHT AND LEVEL;DRY;NO DEFECTS;NO INJURY / DRIVE AWAY;Y;$501 - $1,500;IMPROPER TURNING/NO SIGNAL;2;NO INDICATION OF INJURY;0.0;0.0;0.0;0.0;0.0;2.0;7;3;8
05/15/2018 07:53:00 AM;TRAFFIC SIGNAL;CLEAR;DAYLIGHT;TURNING;DIVIDED - W/MEDIAN (NOT RAISED);STRAIGHT AND LEVEL;DRY;NO DEFECTS;INJURY AND / OR TOW DUE TO CRASH;Y;OVER $1,500;FAILING TO REDUCE SPEED TO AVOID CRASH;2;REPORTED, NOT EVIDENT;5.0;0.0;0.0;0.0;5.0;0.0;7;3;5
03/31/2023 04:29:00 PM;STOP SIGN/FLASHER;CLOUDY/OVERCAST;DAYLIGHT;TURNING;FOUR WAY;STRAIGHT AND LEVEL;DRY;NO DEFECTS;NO INJURY / DRIVE AWAY;Y;$500 OR LESS;VISION OBSCURED (SIGNS, TREE LIMBS, BUILDINGS, ETC.);2;NO INDICATION OF INJURY;0.0;0.0;0.0;0.0;0.0;2.0;16;6;3
01/24/2021 04:02:00 PM;TRAFFIC SIGNAL;CLEAR;DAYLIGHT;TURNING;FIVE POINT, OR MORE;STRAIGHT AND LEVEL;DRY;UNKNOWN;INJURY AND / OR TOW DUE TO CRASH;Y;OVER $1,500;UNABLE TO DETERMINE;2;NONINCAPACITATING INJURY;2.0;0.0;0.0;1.0;1.0;2.0;16;1;1
